# Made in Blockbench 5.0.2
mtllib house - Copy.mtl

o tony
v -4.1875 2.5 0.75
v -4.1875 2.5 -0.25
v -4.1875 0.1875 0.75
v -4.1875 0.1875 -0.25
v -5.1875 2.5 0.75
v -5.1875 2.5 -0.25
v -5.1875 0.1875 0.75
v -5.1875 0.1875 -0.25
vt 0.004118404118404118 1
vt 0 1
vt 0 0.9927564604541895
vt 0.004118404118404118 0.9927564604541895
vt 0.008494208494208495 0.9927564604541895
vt 0.008494208494208495 1
vt 0.004375804375804376 1
vt 0.004375804375804376 0.9927564604541895
vt 0.004375804375804376 0.9894283476898982
vt 0.008494208494208495 0.9894283476898982
vt 0.008494208494208495 0.9925606891151135
vt 0.004375804375804376 0.9925606891151135
vt 0.01287001287001287 0.9894283476898982
vt 0.01287001287001287 0.9925606891151135
vt 0.008751608751608752 0.9925606891151135
vt 0.008751608751608752 0.9894283476898982
vt 0.01287001287001287 0.9927564604541895
vt 0.01287001287001287 1
vt 0.008751608751608752 1
vt 0.008751608751608752 0.9927564604541895
vt 0.004118404118404118 0.9925606891151135
vt 0 0.9925606891151135
vt 0 0.985317149569303
vt 0.004118404118404118 0.985317149569303
vn 1 0 0
vn -1 0 0
vn 0 1 0
vn 0 -1 0
vn 0 0 1
vn 0 0 -1
usemtl none
f 2/1/1 1/2/1 3/3/1 4/4/1
f 7/5/2 5/6/2 6/7/2 8/8/2
f 5/9/3 1/10/3 2/11/3 6/12/3
f 4/13/4 3/14/4 7/15/4 8/16/4
f 3/17/5 1/18/5 5/19/5 7/20/5
f 6/21/6 2/22/6 4/23/6 8/24/6
o cuboid
v 2.4326925 0.125 -1.3125
v 9.875 0 -1.3125
v -1.375 0.125 -1.3125
v -1.375 0 -1.3125
v -1.375 0.125 2.7911325
v -1.375 0 2.7911325
v 9.875 0.125 9.125
v 9.875 0.125 -1.3125
v 9.875 0 9.125
v -1.375 0.125 9.125
v -1.375 0 9.125
v 4.25 0.125 9.125
v 4.25 0.125 -1.3125
v 4.25 0 -1.3125
v 0.52884625 0.125 -1.3125
v 4.25 0 9.125
v 4.25 0.125 3.90625
v -1.375 0.125 3.90625
v -1.375 0 3.90625
v 4.25 0 3.90625
v 9.875 0 3.90625
v 9.875 0.125 3.90625
vt 0.04607464607464608 0.9992169146436961
vt 0.04041184041184041 0.9992169146436961
vt 0.05148005148005148 0.9988253719655442
vt 0.0682110682110682 0.9988253719655442
vt 0.04658944658944659 0.9962803445575568
vt 0.03474903474903475 0.9962803445575568
vt 0.03474903474903475 0.9958888018794049
vt 0.04658944658944659 0.9958888018794049
vt 0.06486486486486487 0.9974549725920125
vt 0.04980694980694981 0.9974549725920125
vt 0.04980694980694981 0.9970634299138607
vt 0.06486486486486487 0.9970634299138607
vt 0.03474903474903475 0.9964761158966328
vt 0.04980694980694981 0.9964761158966328
vt 0.04980694980694981 0.9968676585747847
vt 0.03474903474903475 0.9968676585747847
vt 0.2489060489060489 0.8839075959279561
vt 0.2489060489060489 0.9990211433046202
vt 0.001287001287001287 0.9990211433046202
vt 0.001287001287001287 0.8839075959279561
vt 0.01776061776061776 0.9532106499608457
vt 0.01776061776061776 0.9646632732967894
vt 0.0010296010296010295 0.9646632732967894
vt 0.0010296010296010295 0.9532106499608457
vt 0.03474903474903475 0.9982380579483163
vt 0.05148005148005148 0.9982380579483163
vt 0.05148005148005148 0.9986296006264683
vt 0.03474903474903475 0.9986296006264683
vt 0.03474903474903475 0.9976507439310884
vt 0.05148005148005148 0.9976507439310884
vt 0.05148005148005148 0.9980422866092404
vt 0.03474903474903475 0.9980422866092404
vt 0.00576370398970399 0.9933304032889585
vt 0.00576370398970399 0.8801221691464369
vt 0.25045045045045045 0.8858129072043853
vt 0.25045045045045045 0.9990211433046202
vt 0.0682110682110682 0.9980422866092404
vt 0.05148005148005148 0.9980422866092404
vt 0.05148005148005148 0.9976507439310884
vt 0.0682110682110682 0.9976507439310884
vt 0.03474903474903475 0.9988253719655442
vt 0.05148005148005148 0.9988253719655442
vt 0.04041184041184041 0.9992169146436961
vt 0.03474903474903475 0.9992169146436961
vt 0.03449163449163449 0.9532106499608457
vt 0.03449163449163449 0.9646632732967894
vt 0.01776061776061776 0.9646632732967894
vt 0.01776061776061776 0.9532106499608457
vt 0.0682110682110682 0.9986296006264683
vt 0.05148005148005148 0.9986296006264683
vt 0.05148005148005148 0.9982380579483163
vt 0.0682110682110682 0.9982380579483163
vt 0.2514800514800515 0.8784259984338293
vt 0.2514800514800515 0.9986296006264683
vt 0.001287001287001287 0.9986296006264683
vt 0.001287001287001287 0.8784259984338293
vt 0.06486486486486487 0.9968676585747847
vt 0.04980694980694981 0.9968676585747847
vt 0.04980694980694981 0.9964761158966328
vt 0.06486486486486487 0.9964761158966328
vt 0.0010296010296010295 0.976115896632733
vt 0.0010296010296010295 0.9646632732967894
vt 0.01776061776061776 0.9646632732967894
vt 0.01776061776061776 0.976115896632733
vt 0.01776061776061776 0.976115896632733
vt 0.01776061776061776 0.9646632732967894
vt 0.03449163449163449 0.9646632732967894
vt 0.03449163449163449 0.976115896632733
vt 0.03474903474903475 0.9970634299138607
vt 0.04980694980694981 0.9970634299138607
vt 0.04980694980694981 0.9974549725920125
vt 0.03474903474903475 0.9974549725920125
vt 0.2501930501930502 0.8889976507439311
vt 0.2501930501930502 0.9990211433046202
vt 0.001287001287001287 0.9990211433046202
vt 0.001287001287001287 0.8889976507439311
vn 0 0 1
vn 1 0 0
vn 1 0 0
vn -1 0 0
vn 0 1 0
vn 0 -1 0
vn 0 0 1
vn 0 0 -1
vn 0 1 0
vn 0 0 -1
vn 0 0 1
vn 0 -1 0
vn 0 0 1
vn 0 1 0
vn -1 0 0
vn 0 -1 0
vn 0 -1 0
vn 1 0 0
vn 0 1 0
usemtl m_60b7bb38-1ae8-8081-5581-714145adf16e
f 9/25/7 23/26/7 22/27/7 10/28/7
f 11/29/8 13/30/8 14/31/8 12/32/8
f 16/33/9 30/34/9 29/35/9 10/36/9
f 12/37/10 27/38/10 26/39/10 11/40/10
f 21/41/11 25/42/11 30/43/11 16/44/11
f 22/45/12 28/46/12 27/47/12 12/48/12
f 19/49/13 24/50/13 20/51/13 18/52/13
f 10/53/14 22/54/14 21/55/14 16/56/14
f 11/57/15 26/58/15 25/59/15 21/60/15
f 11/61/16 21/62/16 22/63/16 12/64/16
f 12/65/17 22/66/17 23/67/17 11/68/17
f 10/69/18 29/70/18 28/71/18 22/72/18
f 15/73/19 20/74/19 24/75/19 17/76/19
f 20/77/20 25/78/20 26/79/20 18/80/20
f 18/81/21 26/82/21 27/83/21 19/84/21
f 19/85/22 27/86/22 28/87/22 24/88/22
f 24/89/23 28/90/23 29/91/23 17/92/23
f 17/93/24 29/94/24 30/95/24 15/96/24
f 15/97/25 30/98/25 25/99/25 20/100/25
o cuboid
v 9.875 0.125 -1.1718749999999996
v 9.875 8.171875 -1.1718750000000016
v 9.875 0.125 -1.2968749999999998
v 9.875 8.171875 -1.2968750000000016
v -1.375 0.125 -1.1718749999999996
v -1.375 8.171875 -1.1718750000000016
v -1.375 0.125 -1.2968749999999998
v -1.375 8.171875 -1.2968750000000016
v 1.1875 0.125 -1.2968749999999998
v 1.1875 8.171875 -1.2968750000000016
v 1.1875 8.171875 -1.1718750000000016
v 1.1875 0.125 -1.1718749999999996
v 3.03125 0.125 -1.2968749999999998
v 3.03125 8.171875 -1.2968750000000016
v 3.03125 8.171875 -1.1718750000000016
v 3.03125 0.125 -1.1718749999999996
v 3.03125 3.875661875 -1.2968750000000004
v 1.1875 3.875661875 -1.2968750000000004
v -1.375 3.875661875 -1.2968750000000004
v -1.375 3.875661875 -1.1718750000000004
v 1.1875 3.875661875 -1.1718750000000004
v 3.03125 3.875661875 -1.1718750000000004
v 9.875 3.875661875 -1.1718750000000004
v 9.875 3.875661875 -1.2968750000000004
vt 0.0010296010296010295 0.9976507439310884
vt 0.002949196911196911 0.9976507439310884
vt 0.002949196911196911 0.9992169146436961
vt 0.0010296010296010295 0.9992169146436961
vt 0.005148005148005148 0.9992169146436961
vt 0.0032284092664092664 0.9992169146436961
vt 0.0032284092664092664 0.9976507439310884
vt 0.005148005148005148 0.9976507439310884
vt 0.06599885714285715 0.2729052466718872
vt 0.06599885714285715 0.3204776820673454
vt 0.001287001287001287 0.3204776820673454
vt 0.001287001287001287 0.2729052466718872
vt 0.0010296010296010295 0.9992169146436961
vt 0.0010296010296010295 0.9977569244322632
vt 0.0029286435006435005 0.9977569244322632
vt 0.0029286435006435005 0.9992169146436961
vt 0.0010296010296010295 0.9976507439310884
vt 0.0029286435006435005 0.9976507439310884
vt 0.0029286435006435005 0.9992169146436961
vt 0.0010296010296010295 0.9992169146436961
vt 0.005148005148005148 0.9992169146436961
vt 0.003248962676962677 0.9992169146436961
vt 0.003248962676962677 0.9976507439310884
vt 0.005148005148005148 0.9976507439310884
vt 0.003248962676962677 0.9992169146436961
vt 0.002574002574002574 0.9992169146436961
vt 0.002574002574002574 0.9976507439310884
vt 0.003248962676962677 0.9976507439310884
vt 0.0036036036036036037 0.9992169146436961
vt 0.0036036036036036037 0.9977569244322632
vt 0.005148005148005148 0.9977569244322632
vt 0.005148005148005148 0.9992169146436961
vt 0.0010296010296010295 0.9976507439310884
vt 0.002574002574002574 0.9976507439310884
vt 0.002574002574002574 0.9992169146436961
vt 0.0010296010296010295 0.9992169146436961
vt 0.19176319176319176 0.2729052466718872
vt 0.19176319176319176 0.32909162098668754
vt 0.12944015444015444 0.32909162098668754
vt 0.12944015444015444 0.2729052466718872
vt 0.005148005148005148 0.9992169146436961
vt 0.0036036036036036037 0.9992169146436961
vt 0.0036036036036036037 0.9976507439310884
vt 0.005148005148005148 0.9976507439310884
vt 0.0036036036036036037 0.9960845732184808
vt 0.0036036036036036037 0.9977569244322632
vt 0.0029286435006435005 0.9977569244322632
vt 0.0029286435006435005 0.9960845732184808
vt 0.0029286435006435005 0.9960845732184808
vt 0.0029286435006435005 0.9977569244322632
vt 0.0010296010296010295 0.9977569244322632
vt 0.0010296010296010295 0.9960845732184808
vt 0.0010296010296010295 0.9976507439310884
vt 0.0032284092664092664 0.9976507439310884
vt 0.0032284092664092664 0.9992169146436961
vt 0.0010296010296010295 0.9992169146436961
vt 0.001287001287001287 0.3531714956930305
vt 0.001287001287001287 0.31049334377447146
vt 0.07217646332046332 0.31049334377447146
vt 0.07217646332046332 0.3531714956930305
vt 0.08350207464607465 0.3531714956930305
vt 0.08350207464607465 0.307752545027408
vt 0.11708494208494208 0.307752545027408
vt 0.11708494208494208 0.3531714956930305
vt 0.13973616473616474 0.3531714956930305
vt 0.13973616473616474 0.31773688332028194
vt 0.19176319176319176 0.31773688332028194
vt 0.19176319176319176 0.3531714956930305
vt 0.005148005148005148 0.9992169146436961
vt 0.002949196911196911 0.9992169146436961
vt 0.002949196911196911 0.9976507439310884
vt 0.005148005148005148 0.9976507439310884
vt 0.005148005148005148 0.9960845732184808
vt 0.005148005148005148 0.9977569244322632
vt 0.0036036036036036037 0.9977569244322632
vt 0.0036036036036036037 0.9960845732184808
vt 0.0010296010296010295 0.9992169146436961
vt 0.0010296010296010295 0.9988253719655442
vt 0.016476344916344917 0.9988253719655442
vt 0.016476344916344917 0.9992169146436961
vt 0.008622908622908623 0.9992169146436961
vt 0.0010296010296010295 0.9992169146436961
vt 0.0010296010296010295 0.9988253719655442
vt 0.008622908622908623 0.9988253719655442
vt 0.016476344916344917 0.9988253719655442
vt 0.016476344916344917 0.9992169146436961
vt 0.0010296010296010295 0.9992169146436961
vt 0.0010296010296010295 0.9988253719655442
vt 0.0010296010296010295 0.9992169146436961
vt 0.0010296010296010295 0.9988253719655442
vt 0.008622908622908623 0.9988253719655442
vt 0.008622908622908623 0.9992169146436961
vn 1 0 0
vn -1 0 0
vn 0 2.220446049250313e-16 1
vn 0 -2.220446049250313e-16 -1
vn 0 -1 2.220446049250313e-16
vn 0 1 -2.220446049250313e-16
vn 0 1 -2.220446049250313e-16
vn 0 -2.220446049250313e-16 -1
vn 0 1 -2.220446049250313e-16
vn 0 2.220446049250313e-16 1
vn 0 -1 2.220446049250313e-16
vn 0 -2.220446049250313e-16 -1
vn 0 -2.220446049250313e-16 -1
vn -1 0 0
vn 0 2.220446049250313e-16 1
vn 0 2.220446049250313e-16 1
vn 0 2.220446049250313e-16 1
vn 1 0 0
vn 0 -2.220446049250313e-16 -1
vn 1 0 0
vn 0 -1 2.220446049250313e-16
vn -1 0 0
vn 0 -1 2.220446049250313e-16
usemtl m_60b7bb38-1ae8-8081-5581-714145adf16e
f 33/101/26 54/102/26 53/103/26 31/104/26
f 35/105/27 50/106/27 49/107/27 37/108/27
f 42/109/28 51/110/28 50/111/28 35/112/28
f 37/113/29 49/114/29 48/115/29 39/116/29
f 37/117/30 39/118/30 42/119/30 35/120/30
f 36/121/31 41/122/31 40/123/31 38/124/31
f 41/125/32 45/126/32 44/127/32 40/128/32
f 43/129/33 47/130/33 54/131/33 33/132/33
f 34/133/34 44/134/34 45/135/34 32/136/34
f 31/137/35 53/138/35 52/139/35 46/140/35
f 31/141/36 46/142/36 43/143/36 33/144/36
f 44/145/37 47/146/37 48/147/37 40/148/37
f 40/149/38 48/150/38 49/151/38 38/152/38
f 38/153/39 49/154/39 50/155/39 36/156/39
f 36/157/40 50/158/40 51/159/40 41/160/40
f 41/161/41 51/162/41 52/163/41 45/164/41
f 45/165/42 52/166/42 53/167/42 32/168/42
f 32/169/43 53/170/43 54/171/43 34/172/43
f 34/173/44 54/174/44 47/175/44 44/176/44
f 42/177/45 39/178/45 48/179/45 51/180/45
f 46/181/46 42/182/46 39/183/46 43/184/46
f 43/185/47 46/186/47 52/187/47 47/188/47
f 51/189/48 48/190/48 47/191/48 52/192/48
o cuboid
v 9.875 0.125 9.140625
v 9.875 8.171875 9.140624999999998
v 9.875 0.125 9.015625
v 9.875 8.171875 9.015624999999998
v -1.375 0.125 9.140625
v -1.375 8.171875 9.140624999999998
v -1.375 0.125 9.015625
v -1.375 8.171875 9.015624999999998
vt 0.005148005148005148 0.9992169146436961
vt 0.0010296010296010295 0.9992169146436961
vt 0.0010296010296010295 0.9976507439310884
vt 0.005148005148005148 0.9976507439310884
vt 0.005148005148005148 0.9976507439310884
vt 0.005148005148005148 0.9992169146436961
vt 0.0010296010296010295 0.9992169146436961
vt 0.0010296010296010295 0.9976507439310884
vt 0.0010296010296010295 0.976115896632733
vt 0.03474903474903475 0.976115896632733
vt 0.03474903474903475 0.9992169146436961
vt 0.0010296010296010295 0.9992169146436961
vt 0.19099099099099098 0.3531714956930305
vt 0.19099099099099098 0.2727094753328113
vt 0.001287001287001287 0.2727094753328113
vt 0.001287001287001287 0.3531714956930305
vt 0.005148005148005148 0.9976507439310884
vt 0.005148005148005148 0.9992169146436961
vt 0.0010296010296010295 0.9992169146436961
vt 0.0010296010296010295 0.9976507439310884
vt 0.005148005148005148 0.9992169146436961
vt 0.0010296010296010295 0.9992169146436961
vt 0.0010296010296010295 0.9976507439310884
vt 0.005148005148005148 0.9976507439310884
vn 1 0 0
vn -1 0 0
vn 0 2.220446049250313e-16 1
vn 0 -2.220446049250313e-16 -1
vn 0 -1 2.220446049250313e-16
vn 0 1 -2.220446049250313e-16
usemtl m_60b7bb38-1ae8-8081-5581-714145adf16e
f 56/193/49 55/194/49 57/195/49 58/196/49
f 61/197/50 59/198/50 60/199/50 62/200/50
f 59/201/51 55/202/51 56/203/51 60/204/51
f 58/205/52 57/206/52 61/207/52 62/208/52
f 57/209/53 55/210/53 59/211/53 61/212/53
f 60/213/54 56/214/54 58/215/54 62/216/54
o cuboid
v -1.4374999999999978 0.12500000000000222 9.934375
v -1.4374999999999978 8.171875000000002 9.934374999999998
v -1.3124999999999978 0.12500000000000222 9.934375
v -1.3124999999999978 8.171875000000002 9.934374999999998
v -1.4375000000000002 0.12499999999999978 -1.3156249999999998
v -1.4375000000000002 8.171875 -1.3156250000000016
v -1.3125000000000002 0.12499999999999978 -1.3156249999999998
v -1.3125000000000002 8.171875 -1.3156250000000016
vt 0.005148005148005148 0.9992169146436961
vt 0.0010296010296010295 0.9992169146436961
vt 0.0010296010296010295 0.9976507439310884
vt 0.005148005148005148 0.9976507439310884
vt 0.005148005148005148 0.9976507439310884
vt 0.005148005148005148 0.9992169146436961
vt 0.0010296010296010295 0.9992169146436961
vt 0.0010296010296010295 0.9976507439310884
vt 0.0010296010296010295 0.976115896632733
vt 0.03474903474903475 0.976115896632733
vt 0.03474903474903475 0.9992169146436961
vt 0.0010296010296010295 0.9992169146436961
vt 0.19202059202059202 0.3531714956930305
vt 0.19202059202059202 0.273884103367267
vt 0.001287001287001287 0.273884103367267
vt 0.001287001287001287 0.3531714956930305
vt 0.005148005148005148 0.9976507439310884
vt 0.005148005148005148 0.9992169146436961
vt 0.0010296010296010295 0.9992169146436961
vt 0.0010296010296010295 0.9976507439310884
vt 0.005148005148005148 0.9992169146436961
vt 0.0010296010296010295 0.9992169146436961
vt 0.0010296010296010295 0.9976507439310884
vt 0.005148005148005148 0.9976507439310884
vn 2.220446049250313e-16 2.220446049250313e-16 1
vn -2.220446049250313e-16 -2.220446049250313e-16 -1
vn -1 4.930380657631324e-32 2.220446049250313e-16
vn 1 -4.930380657631324e-32 -2.220446049250313e-16
vn 4.930380657631324e-32 -1 2.220446049250313e-16
vn -4.930380657631324e-32 1 -2.220446049250313e-16
usemtl m_60b7bb38-1ae8-8081-5581-714145adf16e
f 64/217/55 63/218/55 65/219/55 66/220/55
f 69/221/56 67/222/56 68/223/56 70/224/56
f 67/225/57 63/226/57 64/227/57 68/228/57
f 66/229/58 65/230/58 69/231/58 70/232/58
f 65/233/59 63/234/59 67/235/59 69/236/59
f 68/237/60 64/238/60 66/239/60 70/240/60
o cuboid
v 9.750000000000002 0.12500000000000222 9.934375
v 9.750000000000002 8.171875000000002 9.934374999999998
v 9.875000000000002 0.12500000000000222 9.934375
v 9.875000000000002 8.171875000000002 9.934374999999998
v 9.75 0.12499999999999978 -1.3156249999999998
v 9.75 8.171875 -1.3156250000000016
v 9.875 0.12499999999999978 -1.3156249999999998
v 9.875 8.171875 -1.3156250000000016
vt 0.005148005148005148 0.9992169146436961
vt 0.0010296010296010295 0.9992169146436961
vt 0.0010296010296010295 0.9976507439310884
vt 0.005148005148005148 0.9976507439310884
vt 0.005148005148005148 0.9976507439310884
vt 0.005148005148005148 0.9992169146436961
vt 0.0010296010296010295 0.9992169146436961
vt 0.0010296010296010295 0.9976507439310884
vt 0.001287001287001287 0.2734925606891151
vt 0.19124839124839124 0.2734925606891151
vt 0.19124839124839124 0.3531714956930305
vt 0.001287001287001287 0.3531714956930305
vt 0.005148005148005148 0.9960845732184808
vt 0.005148005148005148 0.9992169146436961
vt 0.0010296010296010295 0.9992169146436961
vt 0.0010296010296010295 0.9960845732184808
vt 0.005148005148005148 0.9976507439310884
vt 0.005148005148005148 0.9992169146436961
vt 0.0010296010296010295 0.9992169146436961
vt 0.0010296010296010295 0.9976507439310884
vt 0.005148005148005148 0.9992169146436961
vt 0.0010296010296010295 0.9992169146436961
vt 0.0010296010296010295 0.9976507439310884
vt 0.005148005148005148 0.9976507439310884
vn 2.220446049250313e-16 2.220446049250313e-16 1
vn -2.220446049250313e-16 -2.220446049250313e-16 -1
vn -1 4.930380657631324e-32 2.220446049250313e-16
vn 1 -4.930380657631324e-32 -2.220446049250313e-16
vn 4.930380657631324e-32 -1 2.220446049250313e-16
vn -4.930380657631324e-32 1 -2.220446049250313e-16
usemtl m_60b7bb38-1ae8-8081-5581-714145adf16e
f 72/241/61 71/242/61 73/243/61 74/244/61
f 77/245/62 75/246/62 76/247/62 78/248/62
f 75/249/63 71/250/63 72/251/63 76/252/63
f 74/253/64 73/254/64 77/255/64 78/256/64
f 73/257/65 71/258/65 75/259/65 77/260/65
f 76/261/66 72/262/66 74/263/66 78/264/66
o teto
v 2.4326925 8.1875 -1.3125
v 9.875 8.0625 -1.3125
v -1.375 8.1875 -1.3125
v -1.375 8.0625 -1.3125
v -1.375 8.1875 2.7911325
v -1.375 8.0625 2.7911325
v 9.875 8.1875 9.125
v 9.875 8.1875 -1.3125
v 9.875 8.0625 9.125
v -1.375 8.1875 9.125
v -1.375 8.0625 9.125
vt 0.0682110682110682 0.9988253719655442
vt 0.04607464607464608 0.9992169146436961
vt 0.03474903474903475 0.9992169146436961
vt 0.03474903474903475 0.9988253719655442
vt 0.04658944658944659 0.9962803445575568
vt 0.03474903474903475 0.9962803445575568
vt 0.03474903474903475 0.9958888018794049
vt 0.04658944658944659 0.9958888018794049
vt 0.06486486486486487 0.9974549725920125
vt 0.03474903474903475 0.9974549725920125
vt 0.03474903474903475 0.9970634299138607
vt 0.06486486486486487 0.9970634299138607
vt 0.06486486486486487 0.9964761158966328
vt 0.06486486486486487 0.9968676585747847
vt 0.03474903474903475 0.9968676585747847
vt 0.03474903474903475 0.9964761158966328
vt 0.015186615186615187 0.8126468285043069
vt 0.24736164736164737 0.8126468285043069
vt 0.24736164736164737 0.9543852779953015
vt 0.015186615186615187 0.9543852779953015
vt 0.1536695855855856 0.32615820281910723
vt 0.1470019510939511 0.2913582458888019
vt 0.055086818532818535 0.28633219655442443
vt 0.06004509137709138 0.32420048942834767
vt 0.0682110682110682 0.9982380579483163
vt 0.0682110682110682 0.9986296006264683
vt 0.03474903474903475 0.9986296006264683
vt 0.03474903474903475 0.9982380579483163
vt 0.0682110682110682 0.9980422866092404
vt 0.03474903474903475 0.9980422866092404
vt 0.03474903474903475 0.9976507439310884
vt 0.0682110682110682 0.9976507439310884
vn 0 0 1
vn 1 0 0
vn 1 0 0
vn -1 0 0
vn 0 1 0
vn 0 -1 0
vn 0 0 1
vn 0 0 -1
usemtl m_60b7bb38-1ae8-8081-5581-714145adf16e
f 80/265/67 79/266/67 81/267/67 82/268/67
f 81/269/68 83/270/68 84/271/68 82/272/68
f 86/273/69 85/274/69 87/275/69 80/276/69
f 89/277/70 88/278/70 81/279/70 82/280/70
f 88/281/71 85/282/71 86/283/71 81/284/71
f 80/285/72 87/286/72 89/287/72 82/288/72
f 87/289/73 85/290/73 88/291/73 89/292/73
f 81/293/74 86/294/74 80/295/74 82/296/74
o cama
v 9.765625 1.421875 3.25
v 9.765625 1.421875 -1.0625
v 9.765625 -0.0625 3.25
v 9.765625 -0.0625 -1.0625
v 7.1875 1.421875 3.25
v 7.1875 1.421875 -1.0625
v 7.1875 -0.0625 3.25
v 7.1875 -0.0625 -1.0625
v 7.1875 0.96875 3.25
v 7.1875 0.96875 -1.0625
v 9.765625 0.53125 -1.0625
v 9.765625 0.53125 3.25
v 7.1875 0.96875 -0.34375
v 7.1875 -0.0625 -0.34375
v 9.765625 -0.0625 -0.34375
v 9.765625 0.53125 -0.34375
v 9.765625 1.421875 -0.34375
v 7.1875 1.421875 -0.34375
v 7.1875 0.96875 1.578125
v 7.1875 -0.0625 1.578125
v 9.765625 -0.0625 1.703125
v 9.765625 0.53125 1.703125
v 9.765625 1.421875 1.703125
v 7.1875 1.421875 1.578125
v 9.0625 -0.0625 -0.34375
v 9.0625 0.96875 1.578125
v 9.0625 -0.0625 1.578125
v 9.0625 0.96875 -0.34375
vt 0.005148005148005148 0.2562646828504307
vt 0.003088803088803089 0.2562646828504307
vt 0.003088803088803089 0.2554815974941269
vt 0.005148005148005148 0.2554815974941269
vt 0.012097812097812098 0.22944400939702425
vt 0.02402402402402402 0.22846515270164447
vt 0.02402402402402402 0.23707909162098673
vt 0.010296010296010296 0.23629600626468283
vt 0.1927284427284427 0.24647611589663276
vt 0.10817245817245816 0.24628034455755676
vt 0.11023166023166021 0.23472983555207516
vt 0.20868725868725865 0.23472983555207516
vt 0.005148005148005148 0.25313234142521535
vt 0.005148005148005148 0.254698512137823
vt 0.0010296010296010295 0.254698512137823
vt 0.0010296010296010295 0.25313234142521535
vt 0.021879021879021878 0.22812255285826155
vt 0.026254826254826256 0.20918167580266245
vt 0.04298584298584299 0.21113938919342212
vt 0.04041184041184041 0.22890563821456533
vt 0.029370724107566214 0.221025841816758
vt 0.03580573054257265 0.19471417384494916
vt 0.04607464607464608 0.2025450274079874
vt 0.03655083655083655 0.2270947533281128
vt 0.025482625482625483 0.18774471417384497
vt 0.03397683397683398 0.18754894283476897
vt 0.02265122265122265 0.23042286609240403
vt 0.012097812097812098 0.23081440877055603
vt 0.041741934294608755 0.20357326229764217
vt 0.042958748221906116 0.22247454972592018
vt 0.029858429858429857 0.22247454972592018
vt 0.029858429858429857 0.2030148786217698
vt 0.005148005148005148 0.2554815974941269
vt 0.003088803088803089 0.2554815974941269
vt 0.003088803088803089 0.254698512137823
vt 0.005148005148005148 0.254698512137823
vt 0.047361647361647365 0.2028191072826938
vt 0.04504504504504504 0.2121182458888019
vt 0.028314028314028315 0.21016053249804234
vt 0.033204633204633204 0.1865700861393892
vt 0.03423423423423423 0.18784259984338292
vt 0.04420849420849421 0.20389584964761154
vt 0.0388030888030888 0.22435395458104934
vt 0.023680823680823682 0.22866092404072047
vt 0.003088803088803089 0.2554815974941269
vt 0.002059202059202059 0.2554815974941269
vt 0.002059202059202059 0.254698512137823
vt 0.003088803088803089 0.254698512137823
vt 0.003088803088803089 0.2562646828504307
vt 0.002059202059202059 0.2562646828504307
vt 0.002059202059202059 0.2554815974941269
vt 0.003088803088803089 0.2554815974941269
vt 0.10817245817245816 0.24628034455755676
vt 0.05894465894465894 0.24628034455755676
vt 0.061003861003860994 0.23472983555207516
vt 0.11023166023166021 0.23472983555207516
vt 0.024281424281424276 0.22885669537979636
vt 0.13719433719433718 0.22807361002349258
vt 0.1364221364221364 0.23629600626468283
vt 0.02376662376662376 0.23649177760375883
vt 0.20128700128700128 0.2096711041503524
vt 0.13590733590733592 0.2096711041503524
vt 0.1353925353925354 0.18422083007047774
vt 0.1933075933075933 0.18265465935786995
vt 0.002059202059202059 0.2552858261550509
vt 0.002059202059202059 0.254502740798747
vt 0.006177606177606178 0.254502740798747
vt 0.006177606177606178 0.2552858261550509
vt 0.0010296010296010295 0.254698512137823
vt 0.002059202059202059 0.254698512137823
vt 0.002059202059202059 0.2554815974941269
vt 0.0010296010296010295 0.2554815974941269
vt 0.002059202059202059 0.254698512137823
vt 0.003088803088803089 0.254698512137823
vt 0.003088803088803089 0.2554815974941269
vt 0.002059202059202059 0.2554815974941269
vt 0.010746460746460747 0.23590446358653094
vt 0.061003861003860994 0.23472983555207516
vt 0.05894465894465894 0.24628034455755676
vt 0.031081081081081083 0.24647611589663276
vt 0.20617760617760617 0.2329678935003915
vt 0.13745173745173744 0.2329678935003915
vt 0.13590733590733592 0.2096711041503524
vt 0.20128700128700128 0.2096711041503524
vt 0.02396154914549522 0.22846515270164447
vt 0.032471783735422075 0.1877528155062691
vt 0.045740710168824174 0.20392452460294874
vt 0.04195629903336133 0.22861867585514017
vt 0.0036036036036036037 0.2562646828504307
vt 0.0036036036036036037 0.24769968676585752
vt 0.0036036036036036037 0.24769968676585752
vt 0.0036036036036036037 0.2562646828504307
vt 0.025225225225225224 0.22827246368623744
vt 0.033481146269336265 0.18931088488645265
vt 0.04682593265565427 0.20422333832734207
vt 0.04214098643574751 0.22833426586490024
vn 1 0 0
vn -1 0 0
vn 0 1 0
vn 0 -1 0
vn 0 0 1
vn 0 0 -1
vn -1 0 0
vn 0 0 -1
vn 1 0 0
vn 0 0 1
vn -1 0 0
vn 1 0 0
vn 1 0 0
vn 0 1 0
vn -1 0 0
vn -1 0 0
vn 0 -1 0
vn 1 0 0
vn 1 0 0
vn 0 1 0
vn -1 0 0
vn 0 0 -1
vn 0 -1 0
vn 0 0 1
usemtl m_60b7bb38-1ae8-8081-5581-714145adf16e
f 91/297/75 106/298/75 105/299/75 100/300/75
f 99/301/76 102/302/76 107/303/76 95/304/76
f 95/305/77 107/306/77 106/307/77 91/308/77
f 93/309/78 104/310/78 103/311/78 97/312/78
f 94/313/79 98/314/79 101/315/79 90/316/79
f 91/317/80 100/318/80 99/319/80 95/320/80
f 97/321/81 103/322/81 102/323/81 99/324/81
f 97/325/82 99/326/82 100/327/82 93/328/82
f 100/329/83 105/330/83 104/331/83 93/332/83
f 92/333/84 101/334/84 98/335/84 96/336/84
f 114/337/85 116/338/85 115/339/85 117/340/85
f 105/341/86 111/342/86 110/343/86 104/344/86
f 106/345/87 112/346/87 111/347/87 105/348/87
f 107/349/88 113/350/88 112/351/88 106/352/88
f 102/353/89 108/354/89 113/355/89 107/356/89
f 98/357/90 108/358/90 109/359/90 96/360/90
f 96/361/91 109/362/91 110/363/91 92/364/91
f 92/365/92 110/366/92 111/367/92 101/368/92
f 101/369/93 111/370/93 112/371/93 90/372/93
f 90/373/94 112/374/94 113/375/94 94/376/94
f 94/377/95 113/378/95 108/379/95 98/380/95
f 115/381/96 116/382/96 109/383/96 108/384/96
f 117/385/97 115/386/97 108/387/97 102/388/97
f 114/389/98 117/390/98 102/391/98 103/392/98
o plane
v -0.3671790889767257 0.861161312287563 8.81157625
v 0.14537248973666594 0.9556176837589193 5.153133125
v 5.890975045043435 0.7127556371087547 8.129844375
v 1.3934571829805482 0.8164886322621111 5.0092356250000005
v 0.6468963286064371 1.2818126463903319 5.9798425
v 0.9798938456117106 1.3607917899483049 7.40142625
v 0.6014473109390477 1.3674659760611292 7.938941875
v 0.6935355488306487 1.3594092992015356 9.400104375
v 2.4206418785564408 1.0518253644964206 5.3035306250000005
v 2.17996310279376 1.0871237228720994 6.611485625
v 2.903473943183415 1.1660647426049857 8.001075625
v 2.7873469189200137 0.43820678538418734 5.145874375
v 2.3810227468776306 1.211773299527299 9.828125
v 3.796242464945117 1.4107992526873478 7.097918125
v 3.388356166066055 1.216716592907125 7.42238625
v 3.9576523261300913 1.3006303554340268 8.319289375
v 4.140664366576117 0.9401549624162596 5.416185625
v 3.8054390669986096 1.2746533898931294 6.073303125
v 4.3240943750680065 1.1667765975244688 6.824246875
v 3.8280722270180636 0.5776271346818482 4.9045425
v 4.26519055027337 0.6198642374777896 9.24760125
v 5.235873410275223 1.4494824747031434 6.721509375
v 4.806583014045527 0.7804724378711809 5.050551875
v 4.682364654027856 1.0482038300790855 8.849423125
v 5.106569498234973 1.4417664413607874 7.5423124999999995
v 4.93613744521358 1.40043517056625 5.29686375
v 4.229717030587996 1.2123047484407368 6.0114149999999995
v 5.21566821528301 1.205025741807879 8.8060925
v 5.9494181387978795 0.4308473647774599 8.800478125
v 5.875886114779206 0.6944592256638153 7.52447
v 5.5309634433025465 1.1557296153810825 5.388764375
v 0.027067942474377382 1.0349944068418078 6.088514375
v 5.817788514520642 0.5238491673858747 6.1745262499999995
v 5.960692322596483 0.6346854202561069 5.0120175
v 5.205753995793579 0.5649905458185956 5.08790875
v 5.558582879295401 0.29617593666900377 5.500585
vt 0.36623765765765764 0.6745051448707909
vt 0.33619505791505794 0.6865700861393892
vt 0.29597507335907336 0.6475677114330463
vt 0.06949734105534106 0.6109622141738449
vt 0.16488182754182756 0.5722019733750978
vt 0.2049207207207207 0.5964938057948317
vt 0.2049207207207207 0.5964938057948317
vt 0.2366999176319176 0.6085988919342209
vt 0.06949734105534106 0.6109622141738449
vt 0.2366999176319176 0.6085988919342209
vt 0.2407389009009009 0.5792348981989037
vt 0.2941514594594595 0.6220722024275647
vt 0.29597507335907336 0.6475677114330463
vt 0.345147528957529 0.6472952760375881
vt 0.29597507335907336 0.6475677114330463
vt 0.2941514594594595 0.6220722024275647
vt 0.345147528957529 0.6472952760375881
vt 0.3899343063063063 0.6649887000783086
vt 0.36623765765765764 0.6745051448707909
vt 0.29597507335907336 0.6475677114330463
vt 0.2366999176319176 0.6085988919342209
vt 0.2049207207207207 0.5964938057948317
vt 0.16488182754182756 0.5722019733750978
vt 0.19330891377091378 0.5607858124510572
vt 0.2407389009009009 0.5792348981989037
vt 0.2366999176319176 0.6085988919342209
vt 0.19330891377091378 0.5607858124510572
vt 0.2759138712998713 0.5918810943617854
vt 0.2941514594594595 0.6220722024275647
vt 0.2407389009009009 0.5792348981989037
vt 0.24288225482625483 0.5636524001566171
vt 0.2759138712998713 0.5918810943617854
vt 0.29938728957528954 0.5974653700078308
vt 0.345147528957529 0.6472952760375881
vt 0.2941514594594595 0.6220722024275647
vt 0.3947461287001287 0.6470204776820674
vt 0.345147528957529 0.6472952760375881
vt 0.34765945688545685 0.6254819812059514
vt 0.34765945688545685 0.6254819812059514
vt 0.345147528957529 0.6472952760375881
vt 0.29938728957528954 0.5974653700078308
vt 0.320547842985843 0.6016284514487079
vt 0.3947461287001287 0.6470204776820674
vt 0.41084422136422133 0.6565913938919342
vt 0.3899343063063063 0.6649887000783086
vt 0.345147528957529 0.6472952760375881
vt 0.19330891377091378 0.5607858124510572
vt 0.22567387644787645 0.5477882204385278
vt 0.24288225482625483 0.5636524001566171
vt 0.2407389009009009 0.5792348981989037
vt 0.2986707619047619 0.5833609142521534
vt 0.320547842985843 0.6016284514487079
vt 0.29938728957528954 0.5974653700078308
vt 0.41084422136422133 0.6565913938919342
vt 0.3947461287001287 0.6470204776820674
vt 0.41100314285714284 0.6469304072043853
vt 0.2759138712998713 0.5918810943617854
vt 0.24288225482625483 0.5636524001566171
vt 0.2805006074646075 0.5800860904463586
vt 0.29938728957528954 0.5974653700078308
vt 0.24288225482625483 0.5636524001566171
vt 0.24407502187902186 0.5549808104933438
vt 0.2805006074646075 0.5800860904463586
vt 0.24407502187902186 0.5549808104933438
vt 0.24288225482625483 0.5636524001566171
vt 0.22567387644787645 0.5477882204385278
vt 0.29938728957528954 0.5974653700078308
vt 0.28329969884169887 0.5799470360219263
vt 0.2986707619047619 0.5833609142521534
vt 0.320547842985843 0.6016284514487079
vt 0.2986707619047619 0.5833609142521534
vt 0.36232615186615186 0.6206609064213
vt 0.3947461287001287 0.6470204776820674
vt 0.34765945688545685 0.6254819812059514
vt 0.35770532561132556 0.6243601546593578
vt 0.34765945688545685 0.6254819812059514
vt 0.320547842985843 0.6016284514487079
vt 0.35770532561132556 0.6243601546593578
vt 0.3947461287001287 0.6470204776820674
vt 0.35770532561132556 0.6243601546593578
vt 0.36232615186615186 0.6206609064213
vt 0.41086411068211065 0.646474579091621
vt 0.35770532561132556 0.6243601546593578
vt 0.320547842985843 0.6016284514487079
vt 0.36232615186615186 0.6206609064213
vt 0.24407502187902186 0.5549808104933438
vt 0.24500689832689834 0.5482059397024276
vt 0.2805006074646075 0.5800860904463586
vt 0.24407502187902186 0.5549808104933438
vt 0.22567387644787645 0.5477882204385278
vt 0.2386768391248391 0.5425663018794048
vt 0.24500689832689834 0.5482059397024276
vt 0.2386768391248391 0.5425663018794048
vt 0.24619808751608752 0.5395458104933437
vt 0.24500689832689834 0.5482059397024276
vt 0.2986707619047619 0.5833609142521534
vt 0.28329969884169887 0.5799470360219263
vt 0.26891918404118403 0.5585181068911511
vt 0.29597507335907336 0.6475677114330463
vt 0.33619505791505794 0.6865700861393892
vt 0.27758223166023166 0.6699535532498042
vt 0.27758223166023166 0.6699535532498042
vt 0.06949734105534106 0.6109622141738449
vt 0.2366999176319176 0.6085988919342209
vt 0.29597507335907336 0.6475677114330463
vt 0.24500689832689834 0.5482059397024276
vt 0.24619808751608752 0.5395458104933437
vt 0.2805006074646075 0.5800860904463586
vt 0.28329969884169887 0.5799470360219263
vt 0.24619808751608752 0.5395458104933437
vt 0.26891918404118403 0.5585181068911511
vt 0.36922447619047616 0.6157772787783868
vt 0.36436235263835265 0.6203153073610024
vt 0.2986707619047619 0.5833609142521534
vt 0.27350308365508363 0.5603704032889585
vt 0.37348442471042476 0.6118012862176978
vt 0.36922447619047616 0.6157772787783868
vt 0.2727171093951094 0.5596524216914643
vt 0.42623131531531533 0.6504120203602193
vt 0.41084422136422133 0.6565913938919342
vt 0.41100314285714284 0.6469304072043853
vt 0.4214006409266409 0.6468728014878622
vt 0.42123825997425995 0.6465735043069695
vt 0.41086411068211065 0.646474579091621
vt 0.36436235263835265 0.6203153073610024
vt 0.36922447619047616 0.6157772787783868
vt 0.36922447619047616 0.6157772787783868
vt 0.42123825997425995 0.6465735043069695
vt 0.43523509395109394 0.6467961530931872
vt 0.43523509395109394 0.6467961530931872
vt 0.42623131531531533 0.6504120203602193
vt 0.4214006409266409 0.6468728014878622
vt 0.42123825997425995 0.6465735043069695
vt 0.36922447619047616 0.6157772787783868
vt 0.37348442471042476 0.6118012862176978
vn 0.056521982482230504 0.9165401253691332 -0.3959286098334046
vn -0.43972225964338646 0.8975397097339618 0.03266196296596189
vn -0.7112143206387548 0.48717253974088837 -0.5067909891077061
vn 0.1394138461038078 0.9818786145221017 -0.1283673083721158
vn 0.12733347121667685 0.9918543506810451 -0.0033367863273379393
vn 0.18417520954977973 0.3463961226443474 -0.9198310814515114
vn 0.023368270690890623 0.9997187633526616 0.004039569970011393
vn 0.09960826686792408 0.9950202527868923 0.003590224989802796
vn -0.10564808087488917 0.9944024748060051 -0.0014836128690812668
vn -0.3652686389578341 0.9260669659839007 0.0947565085219185
vn 0.08604773542058039 0.9049383874217213 -0.4167520872168065
vn -0.08553819279381289 0.9875535929366904 -0.13198908534951748
vn -0.22324044083089106 0.8544857150963467 -0.4690606232395921
vn 0.3915953335081992 0.7990564730495802 0.4562475727630427
vn -0.2370075425839726 0.45185036598368405 -0.8600341106716158
vn -0.09370703144433769 0.8384605647552404 -0.5368452976493445
vn -0.1291200766293113 0.9915700028524704 -0.010813660545468996
vn 0.09767129737900065 0.943765358265669 0.31585956722248637
vn -0.1889544077781919 0.7609778559470286 0.6206520237133334
vn -0.025452435457005138 0.9996615152906474 0.005387798819004219
vn -0.29307053021212714 0.9556581955928124 0.028758955430831335
vn 0.07093431356149026 0.9031018653945868 -0.4235272646245786
vn 0.15068688405372202 0.9878572464028713 0.03783548207063262
vn -0.5113996123029568 0.8078956243484443 -0.2928738579918372
vn -0.18386871211950034 0.9799896866458522 0.076239824050695
vn -0.2614907831314805 0.9443677141557979 0.19947980047473104
vn 0.2742974427995806 0.4977299665827034 0.8228157711415064
vn 0.7088240669786682 0.670213326338787 0.21996031294240176
vn 0.6934559976630206 0.7111115440667091 0.11592735311498255
vn -0.38603048379991894 0.9137896099845785 -0.12636856516330433
vn -0.337357954599392 0.9413092470184087 0.011247752937861375
vn 0.6423564896084206 0.7614309464384342 0.08718402413181775
vn 0.6957754686455017 0.7171987663772383 -0.03901828722663317
vn 0.39299459229680017 0.9124347861987956 -0.11409650020850748
vn 0.9418629670457113 0.3259069164177666 -0.08172412825422248
vn 0.13223968320843152 0.07360092387531027 -0.9884814465581205
vn 0.01522577377234392 0.36643503256362986 -0.9303190542620984
vn -0.7280630779379055 -0.11138821590860015 -0.6763998964372205
vn 0.020502064920141783 -0.8296265731957032 -0.5579421245806458
vn 0.8139351481836201 0.5603164547317845 0.15347652950243756
usemtl m_60b7bb38-1ae8-8081-5581-714145adf16e
f 121/393/99 119/394/99 122/395/99
f 118/396/100 125/397/100 124/398/100
f 124/399/101 123/400/101 118/401/101
f 123/402/102 128/403/102 127/404/102 122/405/102
f 126/406/103 122/407/103 127/408/103
f 126/409/104 129/410/104 121/411/104 122/412/104
f 123/413/105 124/414/105 125/415/105 130/416/105
f 128/417/106 123/418/106 130/419/106
f 132/420/107 127/421/107 128/422/107 133/423/107
f 132/424/108 131/425/108 126/426/108 127/427/108
f 134/428/109 126/429/109 135/430/109
f 135/431/110 126/432/110 131/433/110 136/434/110
f 134/435/111 137/436/111 129/437/111 126/438/111
f 130/439/112 138/440/112 133/441/112 128/442/112
f 139/443/113 136/444/113 131/445/113
f 137/446/114 134/447/114 140/448/114
f 132/449/115 133/450/115 142/451/115 131/452/115
f 133/453/116 141/454/116 142/455/116
f 141/456/117 133/457/117 138/458/117
f 131/459/118 142/460/118 139/461/118
f 136/462/119 139/463/119 143/464/119
f 134/465/120 135/466/120 144/467/120
f 135/468/121 136/469/121 144/470/121
f 134/471/122 144/472/122 143/473/122 140/474/122
f 144/475/123 136/476/123 143/477/123
f 141/478/124 145/479/124 142/480/124
f 141/481/125 138/482/125 146/483/125 145/484/125
f 146/485/126 120/486/126 145/487/126
f 139/488/127 142/489/127 147/490/127
f 122/491/128 119/492/128 149/493/128
f 149/494/129 118/495/129 123/496/129 122/497/129
f 145/498/130 120/499/130 142/500/130
f 142/501/131 120/502/131 147/503/131
f 148/504/132 143/505/132 139/506/132 147/507/132
f 150/508/133 148/509/133 147/510/133
f 152/511/134 137/512/134 140/513/134 151/514/134
f 151/515/135 140/516/135 143/517/135 148/518/135
f 148/519/136 151/520/136 153/521/136
f 153/522/137 152/523/137 151/524/137
f 151/525/138 148/526/138 150/527/138
o beveled_cuboid
v -0.4375 1.4375 7.63671875
v -0.4375 1.25 6.078125
v -1.1875 1.4375 8.046875
v -1.1875 1.4375 6.2421875
v -0.4375 0.9375 8.046875
v -0.4375 0.9375 6.078125
v -1.1875 0.9375 8.046875
v -1.1875 0.9375 6.078125
v -1.3125 1.0625 8.046875
v -1.3125 1.3125 8.046875
v -1.3125 1.0625 6.078125
v -1.3125 1.3125 6.2421875
v -0.3125 1.0625 8.046875
v -0.3125 1.3125 7.63671875
v -0.3125 1.125 6.078125
v -0.4375 1.125 5.75
v -1.1875 1.0625 5.75
v -1.1875 1.3125 5.9140625
v -0.4375 1.0625 8.375
v -0.4375 1.3125 7.96484375
v -1.1875 1.0625 8.375
v -1.1875 1.3125 8.375
v -0.3125 1.0625 6.078125
v -0.4375 1.0625 5.75
vt 0.15822393822393824 0.42247454972592013
vt 0.07155727155727155 0.45732184808144083
vt 0.06537966537966539 0.4293265465935787
vt 0.15822393822393824 0.38801879404855133
vt 0.14844272844272846 0.46691464369616287
vt 0.14844272844272846 0.5099843382928739
vt 0.001287001287001287 0.5099843382928739
vt 0.001287001287001287 0.46691464369616287
vt 0.07486486486486488 0.45774275646045426
vt 0.17061776061776063 0.4134984338292874
vt 0.18425997425997426 0.47197533281127646
vt 0.11064350064350065 0.5046691464369616
vt 0.001287001287001287 0.3780344557556774
vt 0.14844272844272846 0.3780344557556774
vt 0.14844272844272846 0.5072435395458105
vt 0.001287001287001287 0.5072435395458105
vt 0.14844272844272846 0.46691464369616287
vt 0.14844272844272846 0.5099843382928739
vt 0.001287001287001287 0.5099843382928739
vt 0.001287001287001287 0.46691464369616287
vt 0.20886087001287001 0.45755791307752547
vt 0.18295290347490348 0.3803266288175411
vt 0.22789011325611325 0.36249285434612366
vt 0.2438489292149292 0.4409234240407204
vt 0.16174491634491636 0.41952489624119027
vt 0.07527992020592021 0.46022976507439306
vt 0.05954208494208494 0.4352985180109632
vt 0.15964929472329473 0.3881331949882537
vt 0.14844272844272846 0.4795297572435395
vt 0.14844272844272846 0.5099843382928739
vt 0.001287001287001287 0.5099843382928739
vt 0.001287001287001287 0.4795297572435395
vt 0.14844272844272846 0.4795297572435395
vt 0.14844272844272846 0.5099843382928739
vt 0.001287001287001287 0.5099843382928739
vt 0.001287001287001287 0.4795297572435395
vt 0.1828679691119691 0.4604029091620987
vt 0.16504388674388676 0.412020726311668
vt 0.1807613745173745 0.3803249686765857
vt 0.21222767052767053 0.45807285238841033
vt 0.001287001287001287 0.5099843382928739
vt 0.001287001287001287 0.4795286805011746
vt 0.14844272844272846 0.4795286805011746
vt 0.14844272844272846 0.5099843382928739
vt 0.001287001287001287 0.4795286805011746
vt 0.14844272844272846 0.4795286805011746
vt 0.14844272844272846 0.5099843382928739
vt 0.001287001287001287 0.5099843382928739
vt 0.001287001287001287 0.4795286805011746
vt 0.14844272844272846 0.4795286805011746
vt 0.14844272844272846 0.5099843382928739
vt 0.001287001287001287 0.5099843382928739
vt 0.001287001287001287 0.5099843382928739
vt 0.001287001287001287 0.4795286805011746
vt 0.14844272844272846 0.4795286805011746
vt 0.14844272844272846 0.5099843382928739
vt 0.11452603346203347 0.46993257439310887
vt 0.06703374774774774 0.4464751389976508
vt 0.0859243371943372 0.42435090250587315
vt 0.1334166229086229 0.44780833790133123
vt 0.001287001287001287 0.5099843382928739
vt 0.001287001287001287 0.46691464369616287
vt 0.035971606177606176 0.46691464369616287
vt 0.035971606177606176 0.5099843382928739
vt 0.001287001287001287 0.46691464369616287
vt 0.035971606177606176 0.46691464369616287
vt 0.035971606177606176 0.5099843382928739
vt 0.001287001287001287 0.5099843382928739
vt 0.018629302445302448 0.48360953406421303
vt 0.035971606177606176 0.5099843382928739
vt 0.001287001287001287 0.5099843382928739
vt 0.018629302445302448 0.48360953406421303
vt 0.035971606177606176 0.5099843382928739
vt 0.001287001287001287 0.5099843382928739
vt 0.018629302445302448 0.48360953406421303
vt 0.035971606177606176 0.5099843382928739
vt 0.001287001287001287 0.5099843382928739
vt 0.018629302445302448 0.48360953406421303
vt 0.035971606177606176 0.5099843382928739
vt 0.001287001287001287 0.5099843382928739
vt 0.09893818532818532 0.4600626468285043
vt 0.08159588159588159 0.4336878425998434
vt 0.11628048648648648 0.4336878425998434
vt 0.018629302445302448 0.5099843382928739
vt 0.001287001287001287 0.48360953406421303
vt 0.035971606177606176 0.48360953406421303
vt 0.1643178507078507 0.4115113547376664
vt 0.1564993564993565 0.39003083398590455
vt 0.18912475933075934 0.3757395262333595
vt 0.018629302445302448 0.5099843382928739
vt 0.001287001287001287 0.48360953406421303
vt 0.035971606177606176 0.48360953406421303
vt 0.18508061776061774 0.39101925802662496
vt 0.24895839124839125 0.3824324393108849
vt 0.2068755444015444 0.41125168950665614
vt 0.18366701158301157 0.3916474353954581
vn 1 0 0
vn -1 0 0
vn 0.21680090427461485 0.9692275720512193 -0.11659880566029705
vn 0 -1 0
vn 0.2737551493688227 0.8212654481064682 0.500580844560133
vn -0.21369687880543226 0 -0.9769000173962618
vn 0.7045622222454414 0.7045622222454414 -0.08475936508215837
vn -0.7071067811865476 0.7071067811865476 0
vn 0.19109712190792025 0.9172661851580173 0.3494347372030542
vn 0.15389262041335738 0.9233557224801444 -0.3517545609448169
vn 0.7071067811865476 -0.7071067811865476 0
vn -0.7071067811865476 -0.7071067811865476 0
vn 0 -0.9344877349289681 0.3559953275919878
vn 0 -0.9344877349289681 -0.3559953275919878
vn 0.8069372763162203 0.5043357976976376 0.3074046766918934
vn -0.9099845177562298 0.22749612943905745 -0.34666076866903994
vn -0.9344877349289681 0 0.3559953275919878
vn 0.682768893200473 -0.682768893200473 0.2601024355049421
vn -0.682768893200473 -0.682768893200473 0.2601024355049421
vn 0.682768893200473 -0.682768893200473 -0.2601024355049421
vn -0.682768893200473 -0.682768893200473 -0.2601024355049421
vn 0.682768893200473 0.682768893200473 0.2601024355049421
vn -0.682768893200473 0.682768893200473 0.2601024355049421
vn 0.682768893200473 0.682768893200473 -0.2601024355049421
vn -0.682768893200473 0.682768893200473 -0.2601024355049421
vn 0.9344877349289681 0 -0.3559953275919878
usemtl m_60b7bb38-1ae8-8081-5581-714145adf16e
f 168/528/139 167/529/139 166/530/139 176/531/139
f 162/532/140 163/533/140 165/534/140 164/535/140
f 154/536/141 155/537/141 157/538/141 156/539/141
f 161/540/142 159/541/142 158/542/142 160/543/142
f 172/544/143 173/545/143 175/546/143 174/547/143
f 171/548/144 169/549/144 177/550/144 170/551/144
f 155/552/145 154/553/145 167/554/145 168/555/145
f 163/556/146 156/557/146 157/558/146 165/559/146
f 173/560/147 154/561/147 156/562/147 175/563/147
f 157/564/148 155/565/148 169/566/148 171/567/148
f 166/568/149 158/569/149 159/570/149 176/571/149
f 161/572/150 160/573/150 162/574/150 164/575/150
f 160/576/151 158/577/151 172/578/151 174/579/151
f 177/580/152 159/581/152 161/582/152 170/583/152
f 173/584/153 172/585/153 166/586/153 167/587/153
f 171/588/154 170/589/154 164/590/154 165/591/154
f 162/592/155 174/593/155 175/594/155 163/595/155
f 158/596/156 166/597/156 172/598/156
f 160/599/157 174/600/157 162/601/157
f 159/602/158 177/603/158 176/604/158
f 161/605/159 164/606/159 170/607/159
f 154/608/160 173/609/160 167/610/160
f 156/611/161 163/612/161 175/613/161
f 155/614/162 168/615/162 169/616/162
f 157/617/163 171/618/163 165/619/163
f 176/620/164 177/621/164 169/622/164 168/623/164
o cama
v 5.40625 1 8.671875
v 5.40625 1 5.5625
v 5.40625 -0.15625 8.671875
v 5.40625 -0.15625 5.5625
v -1.34375 1 8.671875
v -1.34375 1 5.5625
v -1.34375 -0.15625 8.671875
v -1.34375 -0.15625 5.5625
v 5.40625 0.546875 5.5625
v -1.34375 0.546875 5.5625
v -1.34375 0.546875 8.671875
v 5.40625 0.546875 8.671875
v 0.33090375000000005 1 8.671875
v 0.8608262499999999 1 5.5625
vt 0.25541459716859716 0.9972312333594362
vt 0.25541459716859716 0.9981261883320282
vt 0.25070785070785073 0.9981261883320282
vt 0.25070785070785073 0.9972312333594362
vt 0.25541459716859716 0.9972312333594362
vt 0.25541459716859716 0.9981261883320282
vt 0.25070785070785073 0.9981261883320282
vt 0.25070785070785073 0.9972312333594362
vt 0.25541459716859716 0.9954413253719655
vt 0.25541459716859716 0.9990211433046202
vt 0.25070785070785073 0.9990211433046202
vt 0.25070785070785073 0.9954413253719655
vt 0.25541459716859716 0.9972312333594362
vt 0.25541459716859716 0.9981261883320282
vt 0.25070785070785073 0.9981261883320282
vt 0.25070785070785073 0.9972312333594362
vt 0.25541459716859716 0.9972312333594362
vt 0.25541459716859716 0.9981261883320282
vt 0.25070785070785073 0.9981261883320282
vt 0.25070785070785073 0.9972312333594362
vt 0.25070785070785073 0.9990211433046202
vt 0.25070785070785073 0.9981261883320282
vt 0.25541459716859716 0.9981261883320282
vt 0.25541459716859716 0.9990211433046202
vt 0.36105901930501927 0.9081832419733751
vt 0.3595146177606177 0.8706790465935788
vt 0.4283140283140283 0.8556046534847298
vt 0.4283140283140283 0.903876272513704
vt 0.30553410553410554 0.956342991386061
vt 0.37425997425997426 0.9817373316366484
vt 0.36907766537966535 0.927221989036805
vt 0.29934022393822396 0.9259380090054816
vt 0.2689669935649936 0.9247633809710258
vt 0.34256543886743884 0.9328993578700078
vt 0.414230555984556 0.9688164232576351
vt 0.3331494749034749 0.9569303054032889
vt 0.41319842985842986 0.8936336296006264
vt 0.3692958275418275 0.9064212999216914
vt 0.36594962419562416 0.8724409886452623
vt 0.43114543114543114 0.8534511687548942
vt 0.43114543114543114 0.8534511687548942
vt 0.42985842985842987 0.9005481597494127
vt 0.41319842985842986 0.8936336296006264
vt 0.2518755804375804 0.9990211433046202
vt 0.25070785070785073 0.9990211433046202
vt 0.25070785070785073 0.9981261883320282
vt 0.25541459716859716 0.9981261883320282
vt 0.25541459716859716 0.9981261883320282
vt 0.25541459716859716 0.9990211433046202
vt 0.2518755804375804 0.9990211433046202
vn 1 0 0
vn -1 0 0
vn 0 -1 0
vn 0 0 1
vn 0 0 -1
vn -1 0 0
vn 1 0 0
vn 0 1 0
vn 0 1 0
vn 0 0 -1
vn 0 0 -1
vn 0 0 1
vn 0 0 1
usemtl m_60b7bb38-1ae8-8081-5581-714145adf16e
f 181/624/165 186/625/165 189/626/165 180/627/165
f 184/628/166 188/629/166 187/630/166 185/631/166
f 181/632/167 180/633/167 184/634/167 185/635/167
f 180/636/168 189/637/168 188/638/168 184/639/168
f 185/640/169 187/641/169 186/642/169 181/643/169
f 183/644/170 187/645/170 188/646/170 182/647/170
f 178/648/171 189/649/171 186/650/171 179/651/171
f 183/652/172 182/653/172 190/654/172 191/655/172
f 191/656/173 190/657/173 178/658/173 179/659/173
f 191/660/174 179/661/174 186/662/174 187/663/174
f 187/664/175 183/665/175 191/666/175
f 190/667/176 182/668/176 188/669/176 189/670/176
f 189/671/177 178/672/177 190/673/177
o sphere
v 3.3748629751385417 7.1875 3.688118079207795
v 3.3748629751385417 7.4375 3.688118079207795
v 3.3636271112566547 7.420753175473054 3.7518398297688402
v 3.3554018880281853 7.375 3.7984873887267554
v 3.3523912473747677 7.3125 3.815561580329885
v 3.3554018880281853 7.25 3.7984873887267554
v 3.3636271112566547 7.204246824526946 3.7518398297688402
v 3.3969933068638856 7.420753175473054 3.748920665908219
v 3.4131938340751913 7.375 3.7934312486045405
v 3.41912363858923 7.3125 3.8097232526086424
v 3.4131938340751913 7.25 3.7934312486045405
v 3.3969933068638856 7.204246824526946 3.748920665908219
v 3.4244296979570783 7.420753175473054 3.729709498043496
v 3.46071505742493 7.375 3.760156529790106
v 3.473996420775615 7.3125 3.771300916879196
v 3.4607150574249306 7.25 3.760156529790106
v 3.4244296979570783 7.204246824526946 3.729709498043496
v 3.4385847256995863 7.420753175473054 3.6993539430896822
v 3.4852322846575015 7.375 3.7075791663181517
v 3.502306476260631 7.3125 3.7105898069715693
v 3.485232284657502 7.25 3.7075791663181517
v 3.4385847256995863 7.204246824526946 3.6993539430896822
v 3.435665561838965 7.420753175473054 3.665987747482451
v 3.4801761445352866 7.375 3.6497872202711457
v 3.4964681485393885 7.3125 3.6438574157571066
v 3.4801761445352866 7.25 3.6497872202711457
v 3.435665561838965 7.204246824526946 3.665987747482451
v 3.416454393974242 7.420753175473054 3.6385513563892586
v 3.446901425720852 7.375 3.6022659969214064
v 3.4580458128099427 7.3125 3.5889846335707225
v 3.446901425720852 7.25 3.6022659969214064
v 3.416454393974242 7.204246824526946 3.6385513563892586
v 3.3860988390204283 7.420753175473054 3.6243963286467507
v 3.3943240622488977 7.375 3.5777487696888355
v 3.3973347029023158 7.3125 3.560674578085706
v 3.3943240622488977 7.25 3.577748769688835
v 3.3860988390204283 7.204246824526946 3.6243963286467507
v 3.3527326434131974 7.420753175473054 3.627315492507372
v 3.3365321162018917 7.375 3.58280490981105
v 3.330602311687853 7.3125 3.5665129058069485
v 3.3365321162018917 7.25 3.58280490981105
v 3.3527326434131974 7.204246824526946 3.627315492507372
v 3.325296252320005 7.420753175473054 3.646526660372095
v 3.289010892852153 7.375 3.616079628625485
v 3.2757295295014686 7.3125 3.604935241536394
v 3.289010892852153 7.25 3.616079628625485
v 3.325296252320005 7.204246824526946 3.646526660372095
v 3.3111412245774967 7.420753175473054 3.676882215325908
v 3.2644936656195815 7.375 3.6686569920974392
v 3.247419474016452 7.3125 3.6656463514440216
v 3.2644936656195815 7.25 3.6686569920974392
v 3.3111412245774967 7.204246824526946 3.676882215325908
v 3.314060388438118 7.420753175473054 3.7102484109331395
v 3.2695498057417964 7.375 3.726448938144445
v 3.2532578017376945 7.3125 3.732378742658484
v 3.2695498057417964 7.25 3.726448938144445
v 3.314060388438118 7.204246824526946 3.7102484109331395
v 3.333271556302841 7.420753175473054 3.737684802026332
v 3.302824524556231 7.375 3.773970161494184
v 3.2916801374671407 7.3125 3.7872515248448684
v 3.302824524556231 7.25 3.773970161494184
v 3.333271556302841 7.204246824526946 3.737684802026332
v 3.374862975138542 7.375 3.6881180792077943
v 3.363627111256655 7.36875 3.7518398297688393
v 3.363627111256655 7.50625 3.7518398297688393
v 3.396993306863886 7.36875 3.748920665908218
v 3.396993306863886 7.50625 3.748920665908218
v 3.4244296979570783 7.36875 3.729709498043495
v 3.4244296979570783 7.50625 3.729709498043495
v 3.4385847256995867 7.36875 3.6993539430896814
v 3.4385847256995867 7.50625 3.6993539430896814
v 3.4356655618389653 7.36875 3.6659877474824505
v 3.4356655618389653 7.50625 3.6659877474824505
v 3.4164543939742424 7.36875 3.638551356389258
v 3.4164543939742424 7.50625 3.638551356389258
v 3.3860988390204287 7.36875 3.6243963286467498
v 3.3860988390204287 7.50625 3.6243963286467498
v 3.352732643413198 7.36875 3.627315492507371
v 3.352732643413198 7.50625 3.627315492507371
v 3.3252962523200056 7.36875 3.646526660372094
v 3.3252962523200056 7.50625 3.646526660372094
v 3.311141224577497 7.36875 3.6768822153259078
v 3.311141224577497 7.50625 3.6768822153259078
v 3.3140603884381186 7.36875 3.7102484109331386
v 3.3140603884381186 7.50625 3.7102484109331386
v 3.3332715563028414 7.36875 3.737684802026331
v 3.3332715563028414 7.50625 3.737684802026331
v 3.2474194740164526 7.5625 3.6656463514440203
v 3.253257801737695 7.5625 3.732378742658483
v 3.291680137467141 7.5625 3.7872515248448675
v 3.352391247374768 7.5625 3.815561580329884
v 3.4191236385892303 7.5625 3.8097232526086415
v 3.473996420775615 7.5625 3.7713009168791953
v 3.5023064762606313 7.5625 3.7105898069715684
v 3.496468148539389 7.5625 3.643857415757106
v 3.4580458128099427 7.5625 3.588984633570721
v 3.397334702902316 7.5625 3.560674578085705
v 3.3306023116878536 7.5625 3.5665129058069476
v 3.275729529501469 7.5625 3.6049352415363938
v 3.2474194740164526 7.625 3.6656463514440203
v 3.253257801737695 7.625 3.732378742658483
v 3.374862975138542 7.625 3.6881180792077943
v 3.291680137467141 7.625 3.7872515248448675
v 3.352391247374768 7.625 3.815561580329884
v 3.4191236385892303 7.625 3.8097232526086415
v 3.473996420775615 7.625 3.7713009168791953
v 3.5023064762606313 7.625 3.7105898069715684
v 3.496468148539389 7.625 3.643857415757106
v 3.4580458128099427 7.625 3.588984633570721
v 3.397334702902316 7.625 3.560674578085705
v 3.3306023116878536 7.625 3.5665129058069476
v 3.275729529501469 7.625 3.6049352415363938
v 3.3748629751385417 7.5625 3.688118079207795
v 3.3748629751385417 7.8125 3.688118079207795
v 3.3672615035195888 7.795753175473055 3.734139259732023
v 3.3616968400822222 7.75 3.7678291021000567
v 3.3140512021869184 7.6875 4.056287523401616
v 3.3221984349132647 7.625 4.006962170776841
v 3.34445708866273 7.579246824526945 3.872202801304706
v 3.3920649779165353 7.795753175473055 3.7324241923827106
v 3.404657717941968 7.75 3.764858518312645
v 3.512478997362492 7.6875 4.042566984607116
v 3.494041946352246 7.625 3.9950798356271937
v 3.443670986250517 7.579246824526945 3.865342531907455
v 3.412259189560921 7.795753175473055 3.7188373377884174
v 3.4396351185288423 7.75 3.741325395840279
v 3.674032690517574 7.6875 3.9338721478527714
v 3.633951548699744 7.625 3.9009473457377295
v 3.524447832828058 7.579246824526945 3.8109951135302835
v 3.4224331157508483 7.795753175473055 3.697019282665364
v 3.4572568756022526 7.75 3.7035354158448115
v 3.7554241000369966 7.6875 3.7593277068683433
v 3.704438576993386 7.625 3.749787425755861
v 3.565143537587769 7.579246824526945 3.7237228930380692
v 3.4198606611798734 7.795753175473055 3.6728161572641898
v 3.4528012535851613 7.75 3.6616143729480175
v 3.7348444634691975 7.6875 3.565702703658951
v 3.686616088925021 7.625 3.5821032541686835
v 3.5548537193038694 7.579246824526945 3.6269103914333733
v 3.4052311129728547 7.795753175473055 3.652713169490449
v 3.4274621327988264 7.75 3.626794976739962
v 3.617808077813046 7.6875 3.4048788014690237
v 3.5852596057796813 7.625 3.442825669336463
v 3.496335526475794 7.579246824526945 3.5464984403384094
v 3.3824644467574947 7.795753175473055 3.642096898683568
v 3.3880291101948607 7.75 3.6084070563155337
v 3.435674748090165 7.6875 3.319948635013975
v 3.4275275153638187 7.625 3.369273987638749
v 3.405268861614353 7.579246824526945 3.504033357110885
v 3.3576609723605477 7.795753175473055 3.6438119660328803
v 3.3450682323351155 7.75 3.611377640102946
v 3.2372469529145915 7.6875 3.333669173808475
v 3.255684003924837 7.625 3.3811563227883967
v 3.3060549640265666 7.579246824526945 3.5108936265081354
v 3.3374667607161626 7.795753175473055 3.6573988206271735
v 3.310090831748241 7.75 3.634910762575312
v 3.075693259759509 7.6875 3.4423640105628195
v 3.1157744015773394 7.625 3.475288812677861
v 3.225278117449025 7.579246824526945 3.565241044885307
v 3.3272928345262347 7.795753175473055 3.679216875750227
v 3.2924690746748304 7.75 3.672700742570779
v 2.994301850240087 7.6875 3.6169084515472467
v 3.0452873732836974 7.625 3.6264487326597292
v 3.1845824126893145 7.579246824526945 3.6525132653775207
v 3.3298652890972096 7.795753175473055 3.703420001151401
v 3.2969246966919217 7.75 3.7146217854675734
v 3.0148814868078855 7.6875 3.81053345475664
v 3.063109861352062 7.625 3.7941329042469065
v 3.1948722309732136 7.579246824526945 3.7493257669822175
v 3.3444948373042287 7.795753175473055 3.7235229889251418
v 3.3222638174782566 7.75 3.7494411816756283
v 3.131917872464037 7.6875 3.9713573569465668
v 3.164466344497402 7.625 3.9334104890791277
v 3.253390423801289 7.579246824526945 3.829737718077181
v 3.3748629751385417 7.75 3.6881180792077948
v 3.3672615035195888 7.74375 3.7341392597320224
v 3.3672615035195888 7.88125 3.7341392597320224
v 3.3920649779165357 7.74375 3.7324241923827097
v 3.3920649779165357 7.88125 3.7324241923827097
v 3.412259189560921 7.74375 3.718837337788417
v 3.412259189560921 7.88125 3.718837337788417
v 3.4224331157508487 7.74375 3.697019282665363
v 3.4224331157508487 7.88125 3.697019282665363
v 3.419860661179874 7.74375 3.6728161572641893
v 3.419860661179874 7.88125 3.6728161572641893
v 3.4052311129728547 7.74375 3.6527131694904487
v 3.4052311129728547 7.88125 3.6527131694904487
v 3.3824644467574947 7.74375 3.6420968986835676
v 3.3824644467574947 7.88125 3.6420968986835676
v 3.357660972360548 7.74375 3.64381196603288
v 3.357660972360548 7.88125 3.64381196603288
v 3.337466760716163 7.74375 3.6573988206271726
v 3.337466760716163 7.88125 3.6573988206271726
v 3.327292834526235 7.74375 3.6792168757502264
v 3.327292834526235 7.88125 3.6792168757502264
v 3.32986528909721 7.74375 3.7034200011514002
v 3.32986528909721 7.88125 3.7034200011514002
v 3.3444948373042287 7.74375 3.7235229889251413
v 3.3444948373042287 7.88125 3.7235229889251413
v 3.279722693913928 7.9375 3.6703156722926575
v 3.284867603055878 7.9375 3.7187219230950057
v 3.3141266994699157 7.9375 3.758927898642488
v 3.359660031900636 7.9375 3.78016044025625
v 3.4092669806945293 7.9375 3.7767303055576247
v 3.4496554039833 7.9375 3.7495565963690387
v 3.4700032563631558 7.9375 3.7059204861229316
v 3.464858347221206 7.9375 3.657514235320584
v 3.4355992508071678 7.9375 3.617308259773102
v 3.3900659183764477 7.9375 3.59607571815934
v 3.340458969582554 7.9375 3.599505852857965
v 3.300070546293784 7.9375 3.626679562046551
v 3.279722693913928 8 3.6703156722926575
v 3.284867603055878 8 3.7187219230950057
v 3.3748629751385417 8 3.6881180792077948
v 3.3141266994699157 8 3.758927898642488
v 3.359660031900636 8 3.78016044025625
v 3.4092669806945293 8 3.7767303055576247
v 3.4496554039833 8 3.7495565963690387
v 3.4700032563631558 8 3.7059204861229316
v 3.464858347221206 8 3.657514235320584
v 3.4355992508071678 8 3.617308259773102
v 3.3900659183764477 8 3.59607571815934
v 3.340458969582554 8 3.599505852857965
v 3.300070546293784 8 3.626679562046551
v 1.6918310443525353 7.6875 2.9642850530689295
v 2.0869798330060183 7.6875 3.2541623509026465
v 3.3408764331246705 7.6875 3.6722698943925196
v 2.8181092030534276 7.6875 3.656071227363837
v 3.689313630227873 7.6875 4.06232052357382
v 4.467154591825556 7.6875 4.3640560686874235
v 4.943210230346521 7.6875 4.4804280670636905
v 4.989921821896798 7.6875 4.380254735716106
v 4.594773033243317 7.6875 4.09037743788239
v 3.8636436631959112 7.6875 3.6884685614212014
v 2.992439236021466 7.6875 3.282219265211219
v 2.21459827442378 7.6875 2.980483720097613
v 1.738542635902812 7.6875 2.864111721721345
v 2.6291508969405326 7.6875 5.440252928390881
v 2.9314138440489454 7.6875 5.018543029152811
v 3.3833596106420125 7.6875 3.6920801254116125
v 3.3547752943386353 7.6875 4.241408466067441
v 3.7857958890980075 7.6875 3.3170818177238233
v 4.108984008040112 7.6875 2.49323566308818
v 4.237741655691073 7.6875 1.9906189139826287
v 4.137568324343488 7.6875 1.943907322432352
v 3.835305377235078 7.6875 2.365617221670418
v 3.4119439269453893 7.6875 3.1427517847557844
v 2.980923332186017 7.6875 4.067078433099403
v 2.6577352132439116 7.6875 4.890924587735049
v 2.5289775655929487 7.6875 5.393541336840604
vt 0.9755798459582916 0.998227336507081
vt 0.9754666950130012 0.9981673306942334
vt 0.9756756988275931 0.998031081878322
vt 0.9751648672017513 0.9956685207855782
vt 0.9751516344916346 0.9954624769024941
vt 0.9753882661629275 0.9954875608041723
vt 0.9753014874480839 0.9956830030770126
vt 0.9751516344916346 0.9954624769024941
vt 0.9751701158301158 0.9952597948351487
vt 0.9754433563227811 0.9952887594180174
vt 0.9753882661629275 0.9954875608041723
vt 0.9751701158301158 0.9952597948351487
vt 0.9752252059899693 0.9950609934489939
vt 0.9754618376612624 0.9950860773506721
vt 0.9754433563227811 0.9952887594180174
vt 0.9760113193528613 0.9934605114832489
vt 0.9759608422706616 0.9932578258352776
vt 0.9760892232239963 0.9932194490254526
vt 0.9762336802427386 0.99339404133046
vt 0.9747359966347123 0.9959300396855572
vt 0.9748628347629519 0.9958888018794049
vt 0.9749041736361673 0.9960957853947094
vt 0.9754666950130012 0.9981673306942334
vt 0.9754060288279301 0.9980731079366012
vt 0.9756756750104719 0.9980310974046155
vt 0.9767478133149157 0.9976507439310884
vt 0.9766033377014476 0.9974761789485425
vt 0.9768256970475871 0.9974097058084851
vt 0.9768761933769672 0.997612365396552
vt 0.9702267081541551 0.9935591987533601
vt 0.9702451894926365 0.9933565166860148
vt 0.9705184299853017 0.9933854812688835
vt 0.9704633398254482 0.9935842826550383
vt 0.9702451894926365 0.9933565166860148
vt 0.9703002796524901 0.9931577152998599
vt 0.9705369113237831 0.9931827992015382
vt 0.9705184299853017 0.9933854812688835
vt 0.9703002796524901 0.9931577152998599
vt 0.9703870838609417 0.9929622757294438
vt 0.9705237041072744 0.9929767580208781
vt 0.9705369113237831 0.9931827992015382
vt 0.974562998481138 0.9960889335970242
vt 0.974589190006176 0.9959859283031116
vt 0.9748377353183632 0.9960759056206614
vt 0.9754060288279301 0.9980731079366012
vt 0.975413085032481 0.99796835103368
vt 0.9756756686917246 0.9980310983890682
vt 0.9768761989780891 0.9976123878758304
vt 0.9768256970475871 0.9974097058084851
vt 0.9770646159665061 0.9974097058084851
vt 0.9770141140360041 0.9976123878758304
vt 0.9706195884212334 0.993633951588474
vt 0.9705289425562941 0.9934428377223399
vt 0.9707943098046093 0.9933854617854632
vt 0.9708494017071881 0.9935842628922537
vt 0.9705184299853017 0.9933854812688835
vt 0.9705369113237831 0.9931827992015382
vt 0.970775830242702 0.9931827992015382
vt 0.9707943115811833 0.9933854812688835
vt 0.9705369115571046 0.993182802841507
vt 0.9705237041072744 0.9929767580208781
vt 0.970657796194866 0.9929522317932654
vt 0.9707692077043659 0.993140314516628
vt 0.9746057895753463 0.9961886511409098
vt 0.974562998481138 0.9960889335970242
vt 0.9748377288814897 0.9960759059258969
vt 0.975413085032481 0.99796835103368
vt 0.975486083076655 0.9978793318180161
vt 0.9756756686917246 0.9980310983890682
vt 0.975413085032481 0.99796835103368
vt 0.9751602462053259 0.9978936831151505
vt 0.97528668170561 0.9977394983120544
vt 0.975486083076655 0.9978793318180161
vt 0.9708494017071881 0.9935842628922537
vt 0.9707943098046093 0.9933854617854632
vt 0.9710675500433601 0.9933564958170038
vt 0.9710860331585861 0.9935591777906265
vt 0.9707943098046093 0.9933854617854632
vt 0.970775830242702 0.9931827992015382
vt 0.9710124616941 0.9931577140999109
vt 0.9710675500433601 0.9933564958170038
vt 0.9743873679185218 0.9963109530309296
vt 0.9746057895753463 0.9961886511409098
vt 0.9747068231634911 0.9962600796225866
vt 0.9745623620900388 0.9964346699868775
vt 0.9747068231634911 0.9962600796225866
vt 0.9746057895753463 0.9961886511409098
vt 0.9748377288814897 0.9960759059258969
vt 0.975486083076655 0.9978793318180161
vt 0.9756067042025841 0.9978284348101819
vt 0.9756756858553423 0.9980311121288417
vt 0.9719314562317145 0.9939210196477098
vt 0.9718446810700196 0.9937255967645853
vt 0.9720813127413127 0.9937005128629071
vt 0.972068076478047 0.9939065373562755
vt 0.9718446810700196 0.9937255967645853
vt 0.9717895909101661 0.9935267953784305
vt 0.9720628314028315 0.9934978307955618
vt 0.9720813127413127 0.9937005128629071
vt 0.9717895909101661 0.9935267953784305
vt 0.9717711095716849 0.9933241133110852
vt 0.972007741242978 0.9932990294094068
vt 0.9720628314028315 0.9934978307955618
vt 0.9745623620900388 0.9964346699868775
vt 0.9747068231634911 0.9962600796225866
vt 0.9748352032255425 0.9962984581571231
vt 0.9747847214361782 0.9965011431269348
vt 0.9748352032255425 0.9962984581571231
vt 0.9747068231634911 0.9962600796225866
vt 0.9748685085818986 0.996090638384314
vt 0.9756067042025841 0.9978284348101819
vt 0.9757446450005248 0.9978284348101819
vt 0.9756756874715674 0.9980311168775272
vt 0.9721993219959515 0.9939310884886453
vt 0.9720879355129703 0.993743001187786
vt 0.9723202316602317 0.9937005128629071
vt 0.972333439110062 0.9939065576835358
vt 0.9720813127413127 0.9937005128629071
vt 0.9720628314028315 0.9934978307955618
vt 0.972338712998713 0.9934978307955618
vt 0.9723202316602317 0.9937005128629071
vt 0.9720733452474365 0.9934404562043527
vt 0.9721639894370375 0.9932493418785614
vt 0.9723938031585665 0.9932990294094068
vt 0.972338712998713 0.9934978307955618
vt 0.9747847270350662 0.9965011206473345
vt 0.9748352032255425 0.9962984581571231
vt 0.9749731440234832 0.9962984581571231
vt 0.9750236459539853 0.9965011206473345
vt 0.9749731440234832 0.9962984581571231
vt 0.9748352032255425 0.9962984581571231
vt 0.9749041864945257 0.9960957760897777
vt 0.9757446450005248 0.9978284348101819
vt 0.9758652661264541 0.9978793318180161
vt 0.9756756858559074 0.998031121626324
vt 0.9723334388767403 0.993906554043567
vt 0.9723202316602317 0.9937005128629071
vt 0.9725568633315247 0.9937255967645853
vt 0.9724700591230728 0.9939210363350014
vt 0.9723202316602317 0.9937005128629071
vt 0.972338712998713 0.9934978307955618
vt 0.9726119534913783 0.9935267953784305
vt 0.9725568633315247 0.9937255967645853
vt 0.972338712998713 0.9934978307955618
vt 0.9723938031585665 0.9932990294094068
vt 0.9726304348298596 0.9933241133110852
vt 0.9726119534913783 0.9935267953784305
vt 0.9750582865212529 0.9964943162834662
vt 0.9749731440234832 0.9962984581571231
vt 0.9750937651494125 0.9962475611492888
vt 0.9752672070830881 0.996406160652431
vt 0.9750937651494125 0.9962475611492888
vt 0.9749731440234832 0.9962984581571231
vt 0.9749041848788659 0.9960957713409809
vt 0.9758652661264541 0.9978793318180161
vt 0.9759382775085444 0.9979683447059079
vt 0.9756756814140829 0.9980311251827263
vt 0.9758652661264541 0.9978793318180161
vt 0.9760646465439425 0.9977394810296065
vt 0.9761911051460255 0.9978936548727508
vt 0.9759382775085444 0.9979683447059079
vt 0.9690132774772017 0.9935298500994326
vt 0.9689581873173482 0.9933310487132777
vt 0.9692314278100135 0.993302084130409
vt 0.9692499091484947 0.9935047661977543
vt 0.9689581873173482 0.9933310487132777
vt 0.9689397059788669 0.9931283666459324
vt 0.9691763376501599 0.9931032827442541
vt 0.9692314278100135 0.993302084130409
vt 0.97529312803693 0.9963873980221446
vt 0.9750937651494125 0.9962475611492888
vt 0.9751667737887336 0.9961585469600418
vt 0.975419581888428 0.9962332219250014
vt 0.9751667737887336 0.9961585469600418
vt 0.9750937651494125 0.9962475611492888
vt 0.9749041975990235 0.9960957815255338
vt 0.9759382775085444 0.9979683447059079
vt 0.9759453558631165 0.998073100744407
vt 0.9756756814140829 0.9980311251827263
vt 0.9693679431850043 0.9937353171495693
vt 0.9692565333242718 0.9935472338612478
vt 0.9694888298439877 0.993504746714334
vt 0.969502035487594 0.9937107916019325
vt 0.9692499091484947 0.9935047661977543
vt 0.9692314278100135 0.993302084130409
vt 0.969507309405895 0.993302084130409
vt 0.9694888280674138 0.9935047661977543
vt 0.9692419421575798 0.9932447081935323
vt 0.9693325880225191 0.9930535943273981
vt 0.9695624013084738 0.9931032830236185
vt 0.969507309405895 0.993302084130409
vt 0.9688638095238095 0.9960845732184808
vt 0.9689143114543115 0.9958888018794049
vt 0.9690522265122264 0.9958888018794049
vt 0.9691027284427285 0.9960845732184808
vt 0.9751738424618682 0.9960537905433827
vt 0.9751667737887336 0.9961585469600418
vt 0.9749041975990235 0.9960957815255338
vt 0.9759453558631165 0.998073100744407
vt 0.9758847154077092 0.998167333082603
vt 0.9756756750956691 0.998031124199248
vt 0.9695020352543042 0.9937107879619627
vt 0.9694888298439877 0.993504746714334
vt 0.9697254612953857 0.9935298318159612
vt 0.9696386553736797 0.9937252709461923
vt 0.9694888298439877 0.993504746714334
vt 0.969507309405895 0.993302084130409
vt 0.9697805496446458 0.9933310500988684
vt 0.9697254612953857 0.9935298318159612
vt 0.969507309405895 0.993302084130409
vt 0.9695624013084738 0.9931032830236185
vt 0.9697990327598719 0.9931283681252456
vt 0.9697805496446458 0.9933310500988684
vt 0.975375071366013 0.993270284435535
vt 0.9755935069980157 0.9931480031323414
vt 0.9756945214106694 0.9932194473007411
vt 0.9755500323248208 0.9933940285615073
vt 0.97511318749184 0.9959595636091563
vt 0.9751738424618682 0.9960537905433827
vt 0.9749041912801589 0.9960957825095516
vt 0.9758847154077092 0.998167333082603
vt 0.9757715898438878 0.9982273665720693
vt 0.9756756750956691 0.998031124199248
vt 0.9747628881098742 0.9956830003745883
vt 0.9746760839014225 0.9954875608041723
vt 0.9749127155727155 0.9954624769024941
vt 0.974899508356207 0.995668518083154
vt 0.9746760839014225 0.9954875608041723
vt 0.974620993741569 0.9952887594180174
vt 0.9748942342342343 0.9952597948351487
vt 0.9749127155727155 0.9954624769024941
vt 0.974620993741569 0.9952887594180174
vt 0.9746025124030877 0.9950860773506721
vt 0.9748391440743808 0.9950609934489939
vt 0.9748942342342343 0.9952597948351487
vt 0.9755500457972012 0.993394012283287
vt 0.9756945214106694 0.9932194473007411
vt 0.9758229014727208 0.9932578258352776
vt 0.9757724051433407 0.9934604854233445
vt 0.975000050832699 0.9958995422159831
vt 0.97511318749184 0.9959595636091563
vt 0.974904172358369 0.9960957948423369
vt 0.9757170645825108 0.9982380579483163
vt 0.9755798459582916 0.998227336507081
vt 0.9756757010734051 0.9980310772801188
vt 0.9750307491897379 0.9956930305403289
vt 0.9749193393311586 0.9955049683481193
vt 0.9751516344916346 0.9954624769024941
vt 0.9751648657341239 0.995668497933444
vt 0.9749127155727155 0.9954624769024941
vt 0.9748942342342343 0.9952597948351487
vt 0.9751701158301158 0.9952597948351487
vt 0.9751516344916346 0.9954624769024941
vt 0.9749047480788393 0.9952024202439398
vt 0.9749953922684402 0.9950113059181485
vt 0.9752252059899693 0.9950609934489939
vt 0.9751701158301158 0.9952597948351487
vt 0.975772399542219 0.993460507902623
vt 0.9758229014727208 0.9932578258352776
vt 0.9759608422706616 0.9932578258352776
vt 0.9760113184611378 0.993460507902623
vt 0.9748628347629519 0.9958888018794049
vt 0.975000050832699 0.9958995422159831
vt 0.9749041746047282 0.9960957902442883
vt 0.9745800861306234 0.9928997876278471
vt 0.9744614909723225 0.9929533680096223
vt 0.974388676896098 0.9927574428736856
vt 0.9714975418275418 0.9925215348472983
vt 0.9716354826254826 0.9925215348472983
vt 0.9716354826254826 0.9929522317932654
vt 0.9714975418275418 0.9929522317932654
vt 0.9746553153153152 0.9933437744714174
vt 0.9748942342342343 0.9934486883320282
vt 0.9745173745173745 0.9937353171495693
vt 0.9746478647984748 0.9928084122446494
vt 0.9745800861306234 0.9928997876278471
vt 0.9743886638545357 0.9927574331751045
vt 0.9758548777348777 0.9956538762725137
vt 0.9759928185328186 0.9956538762725137
vt 0.9759928185328186 0.9960845732184808
vt 0.9758548777348777 0.9960845732184808
vt 0.9748942342342343 0.9934486883320282
vt 0.975032175032175 0.9936304032889585
vt 0.9745173745173745 0.9937353171495693
vt 0.9746468358689052 0.9927035208804529
vt 0.9746478647984748 0.9928084122446494
vt 0.9743886702744476 0.9927574344377587
vt 0.9759928185328186 0.9956538762725137
vt 0.9761307335907335 0.9956538762725137
vt 0.9761307335907335 0.9960845732184808
vt 0.9759928185328186 0.9960845732184808
vt 0.975032175032175 0.9936304032889585
vt 0.975032175032175 0.9938402310101802
vt 0.9745173745173745 0.9937353171495693
vt 0.9745772832223559 0.9926129199293333
vt 0.9746468358689052 0.9927035208804529
vt 0.9743886702744476 0.9927574344377587
vt 0.9761307335907335 0.9956538762725137
vt 0.9762686743886744 0.9956538762725137
vt 0.9762686743886744 0.9960845732184808
vt 0.9761307335907335 0.9960845732184808
vt 0.975032175032175 0.9938402310101802
vt 0.9748942342342343 0.9940219459671105
vt 0.9745173745173745 0.9937353171495693
vt 0.9744576518348471 0.9925606891151135
vt 0.9745772832223559 0.9926129199293333
vt 0.9743886702744476 0.9927574344377587
vt 0.975854864864865 0.9964369616288176
vt 0.9759928056628057 0.9964369616288176
vt 0.9759928056628057 0.9968676585747847
vt 0.975854864864865 0.9968676585747847
vt 0.9748942342342343 0.9940219459671105
vt 0.9746553153153152 0.9941268598277212
vt 0.9745173745173745 0.9937353171495693
vt 0.9743197110369064 0.9925606891151135
vt 0.9744576518348471 0.9925606891151135
vt 0.9743886685658638 0.9927574393108849
vt 0.9759928056628057 0.9964369616288176
vt 0.9761307464607465 0.9964369616288176
vt 0.9761307464607465 0.9968676585747847
vt 0.9759928056628057 0.9968676585747847
vt 0.9746553153153152 0.9941268598277212
vt 0.9743794337194338 0.9941268598277212
vt 0.9745173745173745 0.9937353171495693
vt 0.9742000796493976 0.9926129199293333
vt 0.9743197110369064 0.9925606891151135
vt 0.9743886702738525 0.9927574441841318
vt 0.9761307464607465 0.9964369616288176
vt 0.9762686872586872 0.9964369616288176
vt 0.9762686872586872 0.9968676585747847
vt 0.9761307464607465 0.9968676585747847
vt 0.9743794337194338 0.9941268598277212
vt 0.9741405148005148 0.9940219459671105
vt 0.9745173745173745 0.9937353171495693
vt 0.9741305188879176 0.9927035172764929
vt 0.9742000796493976 0.9926129199293333
vt 0.9743886574252099 0.9927574343377226
vt 0.9719938738738738 0.9925215348472983
vt 0.9721318146718148 0.9925215348472983
vt 0.9721318146718148 0.9929522317932654
vt 0.9719938738738738 0.9929522317932654
vt 0.9741405148005148 0.9940219459671105
vt 0.974002574002574 0.9938402310101802
vt 0.9745173745173745 0.9937353171495693
vt 0.974129483978874 0.9928084086066604
vt 0.9741305188879176 0.9927035172764929
vt 0.9743886814087168 0.9927574393471265
vt 0.9721318146718148 0.9925215348472983
vt 0.9722697297297297 0.9925215348472983
vt 0.9722697297297297 0.9929522317932654
vt 0.9721318146718148 0.9929522317932654
vt 0.974002574002574 0.9938402310101802
vt 0.974002574002574 0.9936304032889585
vt 0.9745173745173745 0.9937353171495693
vt 0.9741972574376837 0.9928997862248705
vt 0.974129483978874 0.9928084086066604
vt 0.9743886878287006 0.9927574380846841
vt 0.9722697297297297 0.9925215348472983
vt 0.9724076705276705 0.9925215348472983
vt 0.9724076705276705 0.9929522317932654
vt 0.9722697297297297 0.9929522317932654
vt 0.974002574002574 0.9936304032889585
vt 0.9741405148005148 0.9934486883320282
vt 0.9745173745173745 0.9937353171495693
vt 0.9743158412502176 0.9929533811309603
vt 0.9741972574376837 0.9928997862248705
vt 0.9743886878287006 0.9927574380846841
vt 0.9712216602316602 0.9925215348472983
vt 0.9713596010296011 0.9925215348472983
vt 0.9713596010296011 0.9929522317932654
vt 0.9712216602316602 0.9929522317932654
vt 0.9741405148005148 0.9934486883320282
vt 0.9743794337194338 0.9933437744714174
vt 0.9745173745173745 0.9937353171495693
vt 0.9744537664107009 0.9929549608223949
vt 0.9743158412502176 0.9929533811309603
vt 0.9743886860244302 0.9927574429378188
vt 0.9713596010296011 0.9925215348472983
vt 0.9714975418275418 0.9925215348472983
vt 0.9714975418275418 0.9929522317932654
vt 0.9713596010296011 0.9929522317932654
vt 0.9743794337194338 0.9933437744714174
vt 0.9746553153153152 0.9933437744714174
vt 0.9745173745173745 0.9937353171495693
vt 0.974768099262705 0.9946200833964444
vt 0.9745732242882881 0.9944715587287575
vt 0.974867063749097 0.9943226311667972
vt 0.9749645012363055 0.9943968935006406
vt 0.9750229287724677 0.9947004761291436
vt 0.974768099262705 0.9946200833964444
vt 0.9749645012363055 0.9943968935006406
vt 0.9750919159911869 0.9944370898669902
vt 0.9752988103683493 0.9947004761291436
vt 0.9750229287724677 0.9947004761291436
vt 0.975091912041451 0.9944371049466847
vt 0.9752298528393918 0.9944371049466847
vt 0.9757485260334623 0.9944715672160507
vt 0.975553639878631 0.9946200833973957
vt 0.9753572729255874 0.9943968987788925
vt 0.975454716003003 0.99432264068822
vt 0.975553639878631 0.9946200833973957
vt 0.9752988103683493 0.9947004761291436
vt 0.9752298469271753 0.9944370823660112
vt 0.9753572616823161 0.9943968860001374
vt 0.9687351093951093 0.999804228660924
vt 0.9684592277992279 0.999804228660924
vt 0.9685282110682111 0.9996084573218481
vt 0.9686661261261261 0.9996084573218481
vt 0.9693601342898577 0.9950920086427169
vt 0.9691053032747615 0.9950116186703072
vt 0.9693016772931108 0.9947884191466606
vt 0.9694290928006589 0.9948286141328654
vt 0.9691053032747615 0.9950116186703072
vt 0.9689104003795591 0.9948631151973304
vt 0.9692042118062291 0.9947141833672767
vt 0.9693016632538303 0.9947884351037651
vt 0.9696360158857392 0.9950920086427169
vt 0.9693601342898577 0.9950920086427169
vt 0.9694290918188151 0.9948286178831242
vt 0.9695670326167559 0.9948286178831242
vt 0.9698908469008354 0.9950116186703072
vt 0.9696360158857392 0.9950920086427169
vt 0.9695670335989522 0.9948286216333294
vt 0.9696944491065003 0.9947884266471245
vt 0.9700857386165799 0.9948631067102596
vt 0.9698908469008354 0.9950116186703072
vt 0.9696944519028476 0.994788429824973
vt 0.9697918977607198 0.9947141738449491
vt 0.9731109137709137 0.9923649177760376
vt 0.9728350321750322 0.9923649177760376
vt 0.9729040154440155 0.9921691464369616
vt 0.9730419305019304 0.9921691464369616
vt 0.9733867953667954 0.9966718872357087
vt 0.9731109137709137 0.9966718872357087
vt 0.9731109137709137 0.9964761158966328
vt 0.9733867953667954 0.9964761158966328
vt 0.9692314285714286 0.9927564604541895
vt 0.968955546975547 0.9927564604541895
vt 0.968955546975547 0.9925606891151135
vt 0.9692314285714286 0.9925606891151135
vt 0.9695073101673102 0.9927564604541895
vt 0.9692314285714286 0.9927564604541895
vt 0.9692314285714286 0.9925606891151135
vt 0.9695073101673102 0.9925606891151135
vt 0.9761812355212356 0.995301487862177
vt 0.9759053539253539 0.995301487862177
vt 0.9759053539253539 0.995105716523101
vt 0.9761812355212356 0.995105716523101
vt 0.9697831917631917 0.9927564604541895
vt 0.9695073101673102 0.9927564604541895
vt 0.9695073101673102 0.9925606891151135
vt 0.9697831917631917 0.9925606891151135
vt 0.9764571171171171 0.995301487862177
vt 0.9761812355212356 0.995301487862177
vt 0.9761812355212356 0.995105716523101
vt 0.9764571171171171 0.995105716523101
vt 0.9754090347490347 0.9929522317932654
vt 0.9751331531531532 0.9929522317932654
vt 0.9751331531531532 0.9927564604541895
vt 0.9754090347490347 0.9927564604541895
vt 0.9767329987129987 0.995301487862177
vt 0.9764571171171171 0.995301487862177
vt 0.9764571171171171 0.995105716523101
vt 0.9767329987129987 0.995105716523101
vt 0.9756849163449163 0.9929522317932654
vt 0.9754090347490347 0.9929522317932654
vt 0.9754090347490347 0.9927564604541895
vt 0.9756849163449163 0.9927564604541895
vt 0.9759607979407979 0.9929522317932654
vt 0.9756849163449163 0.9929522317932654
vt 0.9756849163449163 0.9927564604541895
vt 0.9759607979407979 0.9927564604541895
vt 0.9728350321750322 0.9966718872357087
vt 0.9725591505791505 0.9966718872357087
vt 0.9725591505791505 0.9964761158966328
vt 0.9728350321750322 0.9964761158966328
vt 0.9731109137709137 0.9966718872357087
vt 0.9728350321750322 0.9966718872357087
vt 0.9728350321750322 0.9964761158966328
vt 0.9731109137709137 0.9964761158966328
vt 0.9732864416243117 0.9931337339589762
vt 0.9732053770395016 0.9930861249689322
vt 0.9733731222821419 0.9929931972231122
vt 0.97701440298228 0.9970404013236632
vt 0.9770522628648975 0.9968639111103632
vt 0.9772217093452038 0.996903792994015
vt 0.9771122447389392 0.9970634299138607
vt 0.970415810619 0.9975062535611366
vt 0.9700110463683932 0.9983906855650095
vt 0.9693180818788038 0.9980584559857455
vt 0.9702657597675117 0.9974343143319163
vt 0.9741589824337563 0.9972812192088761
vt 0.9741035426733337 0.997034096437187
vt 0.9747783856636034 0.9968676982379202
vt 0.9749382068204747 0.9970890833541006
vt 0.9723031906639192 0.9941268598277212
vt 0.9725444549896246 0.9945390556458319
vt 0.9722157756024679 0.9947249244479386
vt 0.9717338887163686 0.9944488011333311
vt 0.9723017305745818 0.9947230712691828
vt 0.9726580521657017 0.994569468101397
vt 0.9728741173228203 0.995132762164593
vt 0.9732053770395016 0.9930861249689322
vt 0.9731644724337107 0.9930165287189491
vt 0.9733731292445387 0.9929931933660738
vt 0.9766895548338744 0.995888784199667
vt 0.9765838269202064 0.9957277108717487
vt 0.9767481075754175 0.99568499310077
vt 0.9767843967718123 0.9958641225243235
vt 0.970265759553358 0.997434314472958
vt 0.9693180818788038 0.9980584559857455
vt 0.9689360411730638 0.9975221923286405
vt 0.9701830484456637 0.9973182143809288
vt 0.9688612568646787 0.9955251456244216
vt 0.9690155399617038 0.995301487862177
vt 0.9696694208494209 0.9954794655536118
vt 0.9696162940781559 0.9957306567239601
vt 0.9717338812173788 0.9944487968363769
vt 0.9722157756024679 0.9947249244479386
vt 0.9720468011821318 0.9950014740499858
vt 0.9714411997745408 0.9949278097921987
vt 0.9720976508462684 0.9949855668780447
vt 0.9723017305745818 0.9947230712691828
vt 0.9728741209765214 0.995132764779762
vt 0.9731644724337107 0.9930165287189491
vt 0.9731735109802728 0.9929414315901126
vt 0.9733731317356684 0.9929931930874757
vt 0.976784401011711 0.9958641434531583
vt 0.9767481075754175 0.99568499310077
vt 0.976919845027155 0.99568499310077
vt 0.9768835515908616 0.9958641434531583
vt 0.9701830412650339 0.997318215555493
vt 0.9689360411730638 0.9975221923286405
vt 0.9689631853171253 0.9969192958967957
vt 0.9701889186496376 0.9971876734320015
vt 0.9696162934362934 0.9957306597587801
vt 0.9696694208494209 0.9954794655536118
vt 0.9703563191763191 0.9954794655536118
vt 0.9704094465894466 0.9957306597587801
vt 0.9714412171473433 0.9949278119053949
vt 0.9720468011821318 0.9950014740499858
vt 0.972078635967139 0.9953021451995259
vt 0.9714963536396007 0.9954485615352381
vt 0.9721000870692984 0.9952872056662341
vt 0.9720976508462684 0.9949855668780447
vt 0.9728741181663181 0.9951327642470228
vt 0.9731735109802728 0.9929414315901126
vt 0.9732303467367437 0.9928786391220016
vt 0.9733731528043038 0.9929931985505555
vt 0.9768835519718797 0.9958641415723904
vt 0.976919845027155 0.99568499310077
vt 0.9770841267477473 0.9957277085015949
vt 0.9769783945248798 0.9958888018794049
vt 0.9701889257078067 0.9971876749774061
vt 0.9689631853171253 0.9969192958967957
vt 0.969392562846847 0.9964041651091681
vt 0.9702818851505276 0.9970761501126156
vt 0.9704094459475842 0.9957306567239601
vt 0.9703563191763191 0.9954794655536118
vt 0.9710102000640363 0.995301487862177
vt 0.9711644831610613 0.9955251456244216
vt 0.9714963369352703 0.9954485657355834
vt 0.972078635967139 0.9953021451995259
vt 0.9723036172752344 0.9955545658833137
vt 0.9718860281899226 0.9958857848708008
vt 0.9723083913930447 0.9955477745844554
vt 0.9721000870692984 0.9952872056662341
vt 0.9728741209677041 0.9951327636880659
vt 0.9732303467367437 0.9928786391220016
vt 0.9733213961804723 0.9928430098211861
vt 0.9733731415997185 0.9929931895622056
vt 0.9732303467367437 0.9928786391220016
vt 0.9730859967559969 0.9927359438580006
vt 0.9732436967729126 0.9926742329775032
vt 0.9733213961804723 0.9928430098211861
vt 0.9702818906551599 0.9970761542719967
vt 0.969392562846847 0.9964041651091681
vt 0.9701138152419813 0.9961087686117632
vt 0.9704380392491104 0.9970122019745224
vt 0.9689485333253448 0.9941524626138947
vt 0.9691083807983344 0.9939310884886453
vt 0.9697832040055487 0.9940975330924906
vt 0.9697277593537764 0.9943446580900159
vt 0.9718860346882269 0.9958857797165432
vt 0.9723036172752344 0.9955545658833137
vt 0.9726671897377508 0.9956980462044716
vt 0.9725157349734912 0.9961342847835595
vt 0.9726671897377508 0.9956980462044716
vt 0.9723083913930447 0.9955477745844554
vt 0.9728741173565206 0.9951327663371771
vt 0.9733213961804723 0.9928430098211861
vt 0.9734248453439215 0.9928430098211861
vt 0.9733731336322098 0.9929931664382574
vt 0.9733213961804723 0.9928430098211861
vt 0.9732835326026087 0.9926665219590092
vt 0.9734627346618108 0.9926665219590092
vt 0.9734248453439215 0.9928430098211861
vt 0.9704380366062025 0.9970121946101971
vt 0.9701138152419813 0.9961087686117632
vt 0.970941460029626 0.9961087686117632
vt 0.9706172386654047 0.9970121946101971
vt 0.9697277599901049 0.9943446552538062
vt 0.9697832040055487 0.9940975330924906
vt 0.9704999607623056 0.9940975330924906
vt 0.9705554047777496 0.9943446552538062
vt 0.9725157354262964 0.9961342834793345
vt 0.9726671897377508 0.9956980462044716
vt 0.9730810121315732 0.9956980462044716
vt 0.9732324921830532 0.9961342834793345
vt 0.9730810121315732 0.9956980462044716
vt 0.9726671897377508 0.9956980462044716
vt 0.9728741138046748 0.9951327760400236
vt 0.9734248456163865 0.9928430085520479
vt 0.9735226589784691 0.9928660407044643
vt 0.9734082414956308 0.9929977215835554
vt 0.9734248456163865 0.9928430085520479
vt 0.9734627346618108 0.9926665219590092
vt 0.9736321499621498 0.9927064142491421
vt 0.9735226589784691 0.9928660407044643
vt 0.9706172294192535 0.9970122203741172
vt 0.970941460029626 0.9961087686117632
vt 0.9716626915928178 0.9964041532409327
vt 0.9707733784096504 0.9970761721116417
vt 0.970555405414078 0.9943446580900159
vt 0.9704999607623056 0.9940975330924906
vt 0.9711747839695201 0.9939310884886453
vt 0.9713346069577955 0.9941524686530299
vt 0.9732465613274847 0.9961313122921551
vt 0.9730810121315732 0.9956980462044716
vt 0.9734398006933874 0.9955478016594875
vt 0.9738680150449409 0.9958710753700647
vt 0.9734398006933874 0.9955478016594875
vt 0.9730810121315732 0.9956980462044716
vt 0.9728741099876557 0.9951327656114859
vt 0.9735226589784691 0.9928660407044643
vt 0.9735929948318931 0.9929203524090128
vt 0.9734082258095871 0.9929977396363213
vt 0.9766895707884204 0.9964761158966328
vt 0.9765838142094788 0.9963150288517213
vt 0.9767481202861452 0.9962723071179977
vt 0.9767844133414205 0.9964514555896183
vt 0.9707733821852809 0.9970761692585468
vt 0.9716626915928178 0.9964041532409327
vt 0.9720920924540567 0.9969192495979342
vt 0.9708663634464324 0.9971877067825994
vt 0.9724648718516928 0.9978744068558307
vt 0.9726191585426445 0.997650750527722
vt 0.973273012335645 0.997828727700578
vt 0.9732198815280136 0.9980799183770743
vt 0.973878361787551 0.9958629516128197
vt 0.9734398006933874 0.9955478016594875
vt 0.9736481380990278 0.9952872480413408
vt 0.9742392106804172 0.9954116621079343
vt 0.9736481380990278 0.9952872480413408
vt 0.9734398006933874 0.9955478016594875
vt 0.9728741104381171 0.9951327659419805
vt 0.9735929948318931 0.9929203524090128
vt 0.9736190669416883 0.9929931096745384
vt 0.973408251417709 0.9929977289108137
vt 0.9767844137224386 0.9964514574703862
vt 0.9767481202861452 0.9962723071179977
vt 0.9769198577378827 0.9962723071179977
vt 0.9768835643015892 0.9964514574703862
vt 0.9708663872962423 0.9971877015590526
vt 0.9720920924540567 0.9969192495979342
vt 0.9721192998822773 0.99752214437966
vt 0.9708722783834458 0.9973182433252521
vt 0.9732198849225175 0.9980799023286124
vt 0.973273012335645 0.997828727700578
vt 0.9739599106625433 0.997828727700578
vt 0.9740130380756707 0.9980799023286124
vt 0.9742430813234468 0.9954004549969151
vt 0.9736481380990278 0.9952872480413408
vt 0.9736506003942882 0.9949856093756148
vt 0.9742473459140049 0.99487802967023
vt 0.9736506003942882 0.9949856093756148
vt 0.9736481380990278 0.9952872480413408
vt 0.9728741203528694 0.995132767920788
vt 0.9736190669416883 0.9929931096745384
vt 0.9735946877164203 0.9930670536658539
vt 0.9734082469618353 0.9929977290084476
vt 0.9768835646826073 0.9964514555896183
vt 0.9769198577378827 0.9962723071179977
vt 0.9770841394584748 0.9963150225188228
vt 0.9769784072356075 0.9964761158966328
vt 0.9708722712026926 0.9973182421511239
vt 0.9721192998822773 0.99752214437966
vt 0.9717373154677561 0.9980584312326424
vt 0.9707895722819434 0.9974343472650179
vt 0.9740130414701748 0.9980799183770743
vt 0.9739599106625433 0.997828727700578
vt 0.9746137886903028 0.9976507439310884
vt 0.9747680753812544 0.9978744002591972
vt 0.9742436716315819 0.9948668037214381
vt 0.9736506003942882 0.9949856093756148
vt 0.973446532716381 0.9947231083474618
vt 0.973890204980904 0.9944121243710757
vt 0.973446532716381 0.9947231083474618
vt 0.9736506003942882 0.9949856093756148
vt 0.9728741104065765 0.9951327698058101
vt 0.9734862188428348 0.9931255441404543
vt 0.973388175345007 0.9931480031323414
vt 0.9733731296291626 0.9929931787562891
vt 0.9768131318615538 0.997063429051807
vt 0.9767036445801501 0.9969038011275135
vt 0.9768730608056955 0.9968639111103632
vt 0.9769109457578121 0.9970403982117164
vt 0.9707895720677749 0.997434347123989
vt 0.9717373154677561 0.9980584312326424
vt 0.9710443858535259 0.9983907028877871
vt 0.9706395505418183 0.997506285023183
vt 0.9725521406698727 0.9970890403357687
vt 0.9727119598349928 0.9968676585747847
vt 0.9733867859165768 0.997034096437187
vt 0.9733313455325531 0.9972812219885786
vt 0.9738799916602904 0.9944039035275569
vt 0.973446532716381 0.9947231083474618
vt 0.97309022463034 0.9945694870585361
vt 0.9732628343476095 0.9941378177844649
vt 0.9730902246303399 0.9945694870585361
vt 0.973446532716381 0.9947231083474618
vt 0.9728741099507542 0.9951327701320252
vt 0.973388175345007 0.9931480031323414
vt 0.9732864416243117 0.9931337339589762
vt 0.9733731301794658 0.9929931844190547
vt 0.9769109501235848 0.9970404185496741
vt 0.9768730608056955 0.9968639111103632
vt 0.9770522628648975 0.9968639111103632
vt 0.9770143992870339 0.9970404185496741
vt 0.9706395456774379 0.9975062743962817
vt 0.9710443858535259 0.9983907028877871
vt 0.9702186857213579 0.9984338292873923
vt 0.9704607646760025 0.9975156121456769
vt 0.9733313419011329 0.9972812381756365
vt 0.9733867859165768 0.997034096437187
vt 0.9741035426733337 0.997034096437187
vt 0.9741589866887775 0.9972812381756365
vt 0.9732488199086474 0.9941347150394553
vt 0.9730902246303399 0.9945694870585361
vt 0.9726764341842038 0.99456557618791
vt 0.9725321184865471 0.9941279412568184
vt 0.9726764341842038 0.99456557618791
vt 0.9730902246303399 0.9945694870585361
vt 0.9728741069914232 0.9951327778452501
vt 0.9769792530965659 0.9980902683305756
vt 0.976890790309559 0.9981295251911436
vt 0.9768339779925284 0.9979885735028237
vt 0.9704506821106821 0.9923257635082224
vt 0.9705531016731017 0.9923257635082224
vt 0.9705531016731017 0.9927564604541895
vt 0.9704506821106821 0.9927564604541895
vt 0.9734625225225225 0.9933682458888019
vt 0.9736417245817246 0.9934436570086139
vt 0.9733590733590733 0.9936496671887236
vt 0.9770293981284345 0.9980242611326343
vt 0.9769792530965659 0.9980902683305756
vt 0.9768339904730584 0.9979885822393884
vt 0.9759119691119691 0.9921299921691464
vt 0.9760122007722009 0.9921299921691464
vt 0.9760122007722009 0.9925606891151135
vt 0.9759119691119691 0.9925606891151135
vt 0.9736417245817246 0.9934436570086139
vt 0.9737451737451738 0.9935742560689115
vt 0.9733590733590733 0.9936496671887236
vt 0.9770280438911284 0.9979488570471837
vt 0.9770293981284345 0.9980242611326343
vt 0.976833990141254 0.9979885821788052
vt 0.9760122007722009 0.9921299921691464
vt 0.9761113513513513 0.9921299921691464
vt 0.9761113513513513 0.9925606891151135
vt 0.9760122007722009 0.9925606891151135
vt 0.9737451737451738 0.9935742560689115
vt 0.9737451737451738 0.9937250783085356
vt 0.9733590733590733 0.9936496671887236
vt 0.976975547067423 0.9978839162112417
vt 0.9770280438911284 0.9979488570471837
vt 0.9768339904707588 0.9979885821113517
vt 0.9761113513513513 0.9921299921691464
vt 0.976211583011583 0.9921299921691464
vt 0.976211583011583 0.9925606891151135
vt 0.9761113513513513 0.9925606891151135
vt 0.9737451737451738 0.9937250783085356
vt 0.9736417245817246 0.9938556773688332
vt 0.9733590733590733 0.9936496671887236
vt 0.9768857342831856 0.9978465152701644
vt 0.976975547067423 0.9978839162112417
vt 0.9768340013777325 0.9979885740468162
vt 0.9761650579150579 0.994479248238058
vt 0.9762674517374518 0.994479248238058
vt 0.9762674517374518 0.9949099451840251
vt 0.9761650579150579 0.9949099451840251
vt 0.9736417245817246 0.9938556773688332
vt 0.9734625225225225 0.9939310884886453
vt 0.9733590733590733 0.9936496671887236
vt 0.9767822851197364 0.9978465152701644
vt 0.9768857342831856 0.9978465152701644
vt 0.9768339968314481 0.9979885865309319
vt 0.9762674517374518 0.994479248238058
vt 0.9763709009009008 0.994479248238058
vt 0.9763709009009008 0.9949099451840251
vt 0.9762674517374518 0.9949099451840251
vt 0.9734625225225225 0.9939310884886453
vt 0.9732556241956243 0.9939310884886453
vt 0.9733590733590733 0.9936496671887236
vt 0.9766924581949534 0.997883896561794
vt 0.9767822851197364 0.9978465152701644
vt 0.9768339992354796 0.9979885931356988
vt 0.9763709009009008 0.994479248238058
vt 0.9764732947232948 0.994479248238058
vt 0.9764732947232948 0.9949099451840251
vt 0.9763709009009008 0.9949099451840251
vt 0.9732556241956243 0.9939310884886453
vt 0.9730764221364221 0.9938556773688332
vt 0.9733590733590733 0.9936496671887236
vt 0.9766399333150224 0.9979488242731809
vt 0.9766924581949534 0.997883896561794
vt 0.9768339830495304 0.9979885811631045
vt 0.9751397683397683 0.9921299921691464
vt 0.97524 0.9921299921691464
vt 0.97524 0.9925606891151135
vt 0.9751397683397683 0.9925606891151135
vt 0.9730764221364221 0.9938556773688332
vt 0.972972972972973 0.9937250783085356
vt 0.9733590733590733 0.9936496671887236
vt 0.9766385555395193 0.9980242281119639
vt 0.9766399333150224 0.9979488242731809
vt 0.9768340003963203 0.997988584717113
vt 0.97524 0.9921299921691464
vt 0.9753391505791505 0.9921299921691464
vt 0.9753391505791505 0.9925606891151135
vt 0.97524 0.9925606891151135
vt 0.972972972972973 0.9937250783085356
vt 0.972972972972973 0.9935742560689115
vt 0.9733590733590733 0.9936496671887236
vt 0.9766886878808743 0.9980902408859054
vt 0.9766385555395193 0.9980242281119639
vt 0.9768339829263771 0.9979885879031171
vt 0.9753391505791505 0.9921299921691464
vt 0.9754393822393822 0.9921299921691464
vt 0.9754393822393822 0.9925606891151135
vt 0.9753391505791505 0.9925606891151135
vt 0.972972972972973 0.9935742560689115
vt 0.9730764221364221 0.9934436570086139
vt 0.9733590733590733 0.9936496671887236
vt 0.9767771163015825 0.9981295036932262
vt 0.9766886878808743 0.9980902408859054
vt 0.9768339814382008 0.997988588944292
vt 0.970244839124839 0.9923257635082224
vt 0.9703472329472329 0.9923257635082224
vt 0.9703472329472329 0.9927564604541895
vt 0.970244839124839 0.9927564604541895
vt 0.9730764221364221 0.9934436570086139
vt 0.9732556241956243 0.9933682458888019
vt 0.9733590733590733 0.9936496671887236
vt 0.9768805257117276 0.9981316847326371
vt 0.9767771163015825 0.9981295036932262
vt 0.9768339861469474 0.9979885772757745
vt 0.9703472329472329 0.9923257635082224
vt 0.9704506821106821 0.9923257635082224
vt 0.9704506821106821 0.9927564604541895
vt 0.9703472329472329 0.9927564604541895
vt 0.9732556241956243 0.9933682458888019
vt 0.9734625225225225 0.9933682458888019
vt 0.9733590733590733 0.9936496671887236
vt 0.9755065536045551 0.9973108628274218
vt 0.9753476579217542 0.9972178737267389
vt 0.9755760377378159 0.9970634299138607
vt 0.9756554753792109 0.997109918494944
vt 0.9757009115118658 0.9973599358117633
vt 0.9755065536045551 0.9973108628274218
vt 0.975655471249227 0.9971099240676475
vt 0.9757526502028823 0.9971344605598182
vt 0.975907809838764 0.9973599358117633
vt 0.9757009115118658 0.9973599358117633
vt 0.9757526489636033 0.9971344659605496
vt 0.9758560981270523 0.9971344659605496
vt 0.9762610936869974 0.9972179117818212
vt 0.9761021739942045 0.9973108771446978
vt 0.9759533041133159 0.9971099105699965
vt 0.9760327537581657 0.9970634338562925
vt 0.9761021739942045 0.9973108771446978
vt 0.975907809838764 0.9973599358117633
vt 0.9758560917530256 0.9971344381689558
vt 0.9759532982606295 0.9971099026691752
vt 0.9670219041044775 0.9996328772185127
vt 0.9668262297436564 0.9996573446312593
vt 0.9668262297436564 0.9994249196891454
vt 0.966924066924067 0.9994126859827721
vt 0.9757009366780823 0.994031821650874
vt 0.9755065715746324 0.9939827651565301
vt 0.975655467854478 0.9937817951827838
vt 0.975752650406203 0.9938063234299557
vt 0.9755065715746324 0.9939827651565301
vt 0.9753476602671437 0.9938897915023118
vt 0.9755760141284404 0.9937353254906752
vt 0.9756554595811764 0.993781806349518
vt 0.9759078350049807 0.994031821650874
vt 0.9757009366780823 0.994031821650874
vt 0.9757526483897941 0.9938063322225263
vt 0.9758560975532432 0.9938063322225263
vt 0.9761021938610218 0.9939827508402018
vt 0.9759078350049807 0.994031821650874
vt 0.9758561006731902 0.9938063458203171
vt 0.9759532801012106 0.9937818104149809
vt 0.976261091341608 0.9938897635165899
vt 0.9761021938610218 0.9939827508402018
vt 0.9759532759713344 0.9937818048422313
vt 0.9760327145115069 0.9937353171495693
vt 0.9739717110542844 0.9965005357932973
vt 0.9737760366934634 0.996525003206044
vt 0.9737760366934634 0.99629257826393
vt 0.9738738738738739 0.9962803445575568
vt 0.9695403088803088 0.9923649177760376
vt 0.9693398198198199 0.9923649177760376
vt 0.9693398198198199 0.9921691464369616
vt 0.9695403088803088 0.9921691464369616
vt 0.9706816216216216 0.995105716523101
vt 0.9704768339768339 0.995105716523101
vt 0.9704768339768339 0.9949099451840251
vt 0.9706816216216216 0.9949099451840251
vt 0.9708885199485199 0.995105716523101
vt 0.9706816216216216 0.995105716523101
vt 0.9706816216216216 0.9949099451840251
vt 0.9708885199485199 0.9949099451840251
vt 0.9766061261261261 0.9929522317932654
vt 0.9764056370656371 0.9929522317932654
vt 0.9764056370656371 0.9927564604541895
vt 0.9766061261261261 0.9927564604541895
vt 0.9710933075933077 0.995105716523101
vt 0.9708885199485199 0.995105716523101
vt 0.9708885199485199 0.9949099451840251
vt 0.9710933075933077 0.9949099451840251
vt 0.9768044272844273 0.9929522317932654
vt 0.9766061261261261 0.9929522317932654
vt 0.9766061261261261 0.9927564604541895
vt 0.9768044272844273 0.9927564604541895
vt 0.9688798198198199 0.9986296006264683
vt 0.9686750321750321 0.9986296006264683
vt 0.9686750321750321 0.9984338292873923
vt 0.9688798198198199 0.9984338292873923
vt 0.9770049163449164 0.9929522317932654
vt 0.9768044272844273 0.9929522317932654
vt 0.9768044272844273 0.9927564604541895
vt 0.9770049163449164 0.9927564604541895
vt 0.9690867181467181 0.9986296006264683
vt 0.9688798198198199 0.9986296006264683
vt 0.9688798198198199 0.9984338292873923
vt 0.9690867181467181 0.9984338292873923
vt 0.9692915057915058 0.9986296006264683
vt 0.9690867181467181 0.9986296006264683
vt 0.9690867181467181 0.9984338292873923
vt 0.9692915057915058 0.9984338292873923
vt 0.9691415186615187 0.9923649177760376
vt 0.9689410296010296 0.9923649177760376
vt 0.9689410296010296 0.9921691464369616
vt 0.9691415186615187 0.9921691464369616
vt 0.9693398198198199 0.9923649177760376
vt 0.9691415186615187 0.9923649177760376
vt 0.9691415186615187 0.9921691464369616
vt 0.9693398198198199 0.9921691464369616
vt 0.9780412355212356 0.9985121378230227
vt 0.9814697297297297 0.9986852388410337
vt 0.976061776061776 0.9991581832419734
vt 0.9814697297297297 0.9986852388410337
vt 0.9834491634491634 0.9989850822239624
vt 0.976061776061776 0.9991581832419734
vt 0.9834491634491634 0.9989850822239624
vt 0.9834491634491634 0.9993312842599843
vt 0.976061776061776 0.9991581832419734
vt 0.9834491634491634 0.9993312842599843
vt 0.9814697297297297 0.9996311276429131
vt 0.976061776061776 0.9991581832419734
vt 0.9814697297297297 0.9996311276429131
vt 0.9780412355212356 0.999804228660924
vt 0.976061776061776 0.9991581832419734
vt 0.9780412355212356 0.999804228660924
vt 0.9740823423423424 0.999804228660924
vt 0.976061776061776 0.9991581832419734
vt 0.9740823423423424 0.999804228660924
vt 0.9706538481338481 0.9996311276429131
vt 0.976061776061776 0.9991581832419734
vt 0.9706538481338481 0.9996311276429131
vt 0.9686743886743887 0.9993312842599843
vt 0.976061776061776 0.9991581832419734
vt 0.9686743886743887 0.9993312842599843
vt 0.9686743886743887 0.9989850822239624
vt 0.976061776061776 0.9991581832419734
vt 0.9686743886743887 0.9989850822239624
vt 0.9706538481338481 0.9986852388410337
vt 0.976061776061776 0.9991581832419734
vt 0.9706538481338481 0.9986852388410337
vt 0.9740823423423424 0.9985121378230227
vt 0.976061776061776 0.9991581832419734
vt 0.9740823423423424 0.9985121378230227
vt 0.9780412355212356 0.9985121378230227
vt 0.976061776061776 0.9991581832419734
vt 0.9685456885456886 0.9954403093187157
vt 0.9683180952380953 0.9982069107282694
vt 0.9676962676962677 0.9938429913860611
vt 0.9683180952380953 0.9982069107282694
vt 0.967923861003861 0.999804228660924
vt 0.9676962676962677 0.9938429913860611
vt 0.967923861003861 0.999804228660924
vt 0.9674686743886743 0.999804228660924
vt 0.9676962676962677 0.9938429913860611
vt 0.9674686743886743 0.999804228660924
vt 0.9670744401544401 0.9982069107282694
vt 0.9676962676962677 0.9938429913860611
vt 0.9670744401544401 0.9982069107282694
vt 0.9668468468468469 0.9954403093187157
vt 0.9676962676962677 0.9938429913860611
vt 0.9668468468468469 0.9954403093187157
vt 0.9668468468468469 0.9922456734534064
vt 0.9676962676962677 0.9938429913860611
vt 0.9668468468468469 0.9922456734534064
vt 0.9670744401544401 0.9894790720438528
vt 0.9676962676962677 0.9938429913860611
vt 0.9670744401544401 0.9894790720438528
vt 0.9674686743886743 0.9878817541111982
vt 0.9676962676962677 0.9938429913860611
vt 0.9674686743886743 0.9878817541111982
vt 0.967923861003861 0.9878817541111982
vt 0.9676962676962677 0.9938429913860611
vt 0.967923861003861 0.9878817541111982
vt 0.9683180952380953 0.9894790720438528
vt 0.9676962676962677 0.9938429913860611
vt 0.9683180952380953 0.9894790720438528
vt 0.9685456885456886 0.9922456734534064
vt 0.9676962676962677 0.9938429913860611
vt 0.9685456885456886 0.9922456734534064
vt 0.9685456885456886 0.9954403093187157
vt 0.9676962676962677 0.9938429913860611
vn 0.022557566113150535 0.9659258262890679 0.25783416049630187
vn 0.061628416716220935 0.707106781186549 0.704416026402757
vn 0.08418598282937101 0.25881904510252063 0.9622501868990582
vn 0.08418598282937151 -0.25881904510252063 0.9622501868990581
vn 0.06162841671622066 -0.707106781186549 0.704416026402757
vn 0.022557566113150535 -0.9659258262890679 0.25783416049630187
vn 0.14845250554968484 0.9659258262890678 0.2120121498966573
vn 0.40557978767263797 0.707106781186549 0.579227965339568
vn 0.5540322932223225 0.2588190451025211 0.7912401152362245
vn 0.5540322932223207 -0.2588190451025212 0.7912401152362258
vn 0.40557978767263503 -0.7071067811865495 0.5792279653395698
vn 0.14845250554968484 -0.9659258262890678 0.2120121498966573
vn 0.23456971600980636 0.9659258262890679 0.10938165494661589
vn 0.6408563820557885 0.7071067811865476 0.29883623873011983
vn 0.8754260980655926 0.25881904510252285 0.4082178936767346
vn 0.8754260980655932 -0.2588190451025197 0.40821789367673494
vn 0.6408563820557871 -0.7071067811865492 0.29883623873011916
vn 0.23456971600980636 -0.9659258262890679 0.10938165494661589
vn 0.25783416049630176 0.9659258262890678 -0.02255756611315128
vn 0.7044160264027585 0.7071067811865479 -0.06162841671621873
vn 0.9622501868990576 0.2588190451025227 -0.08418598282937012
vn 0.9622501868990583 -0.2588190451025198 -0.08418598282937151
vn 0.7044160264027571 -0.7071067811865488 -0.061628416716222545
vn 0.25783416049630176 -0.9659258262890678 -0.02255756611315128
vn 0.21201214989665684 0.9659258262890676 -0.14845250554968548
vn 0.5792279653395674 0.7071067811865495 -0.40557978767263836
vn 0.791240115236224 0.2588190451025209 -0.554032293222323
vn 0.7912401152362234 -0.2588190451025209 -0.5540322932223241
vn 0.5792279653395683 -0.7071067811865496 -0.4055797876726366
vn 0.21201214989665684 -0.9659258262890676 -0.14845250554968548
vn 0.10938165494661589 0.9659258262890679 -0.23456971600980636
vn 0.29883623873011944 0.7071067811865485 -0.6408563820557877
vn 0.4082178936767349 0.2588190451025213 -0.875426098065593
vn 0.40821789367673655 -0.2588190451025214 -0.8754260980655922
vn 0.2988362387301195 -0.7071067811865483 -0.6408563820557878
vn 0.10938165494661589 -0.9659258262890679 -0.23456971600980636
vn -0.02255756611315135 0.9659258262890678 -0.2578341604963016
vn -0.06162841671621849 0.7071067811865486 -0.7044160264027577
vn -0.08418598282936647 0.2588190451025192 -0.962250186899059
vn -0.08418598282936995 -0.2588190451025176 -0.9622501868990591
vn -0.06162841671622299 -0.7071067811865488 -0.7044160264027571
vn -0.02255756611315135 -0.9659258262890678 -0.2578341604963016
vn -0.14845250554968484 0.9659258262890678 -0.2120121498966573
vn -0.40557978767264025 0.7071067811865503 -0.5792279653395648
vn -0.5540322932223254 0.2588190451025208 -0.7912401152362225
vn -0.5540322932223276 -0.25881904510252063 -0.7912401152362211
vn -0.4055797876726339 -0.7071067811865513 -0.5792279653395681
vn -0.14845250554968484 -0.9659258262890678 -0.2120121498966573
vn -0.23456971600980636 0.9659258262890678 -0.10938165494661589
vn -0.6408563820557885 0.7071067811865476 -0.2988362387301199
vn -0.8754260980655926 0.25881904510252285 -0.4082178936767346
vn -0.8754260980655927 -0.25881904510252285 -0.40821789367673467
vn -0.6408563820557885 -0.7071067811865476 -0.2988362387301199
vn -0.23456971600980636 -0.9659258262890678 -0.10938165494661589
vn -0.2578341604963019 0.9659258262890676 0.02255756611315085
vn -0.7044160264027584 0.7071067811865482 0.06162841671621633
vn -0.9622501868990578 0.2588190451025229 0.08418598282936735
vn -0.9622501868990582 -0.25881904510252307 0.08418598282936508
vn -0.7044160264027586 -0.7071067811865475 0.06162841671622149
vn -0.2578341604963019 -0.9659258262890676 0.02255756611315085
vn -0.21201214989665718 0.9659258262890678 0.14845250554968467
vn -0.5792279653395686 0.7071067811865498 0.40557978767263614
vn -0.7912401152362232 0.2588190451025209 0.5540322932223246
vn -0.7912401152362252 -0.25881904510252113 0.5540322932223215
vn -0.5792279653395693 -0.7071067811865501 0.4055797876726344
vn -0.21201214989665718 -0.9659258262890678 0.14845250554968467
vn -0.10938165494661589 0.9659258262890679 0.23456971600980636
vn -0.2988362387301191 0.7071067811865493 0.640856382055787
vn -0.40821789367673506 0.25881904510251963 0.8754260980655935
vn -0.40821789367673506 -0.25881904510251974 0.8754260980655935
vn -0.29883623873011916 -0.7071067811865492 0.6408563820557871
vn -0.10938165494661589 -0.9659258262890679 0.23456971600980636
vn -0.008672320537429758 -0.9950371902099897 -0.09912507732912433
vn 0.0871557427476663 0 0.9961946980917449
vn 0 1 0
vn -0.05707298855973654 -0.9950371902099897 -0.08150867485040464
vn 0.5735764363510394 0 0.8191520442889966
vn 0 1 0
vn -0.09018099538783307 -0.9950371902099897 -0.042052088769387166
vn 0.9063077870366499 0 0.42261826174069944
vn 0 1 0
vn -0.09912507732912433 -0.9950371902099897 0.008672320537429758
vn 0.9961946980917449 0 -0.0871557427476663
vn 0 1 0
vn -0.08150867485040464 -0.9950371902099897 0.05707298855973654
vn 0.8191520442889966 0 -0.5735764363510394
vn 0 1 0
vn -0.042052088769387166 -0.9950371902099897 0.09018099538783307
vn 0.42261826174069944 0 -0.9063077870366499
vn 0 1 0
vn 0.008672320537429758 -0.9950371902099897 0.09912507732912433
vn -0.0871557427476663 0 -0.9961946980917449
vn 0 1 0
vn 0.05707298855973654 -0.9950371902099897 0.08150867485040464
vn -0.5735764363510394 0 -0.8191520442889966
vn 0 1 0
vn 0.09018099538783307 -0.9950371902099897 0.042052088769387166
vn -0.9063077870366499 0 -0.42261826174069944
vn 0 1 0
vn 0.09912507732912433 -0.9950371902099897 -0.008672320537429758
vn -0.9961946980917449 0 0.0871557427476663
vn 0 1 0
vn 0.08150867485040464 -0.9950371902099897 -0.05707298855973654
vn -0.8191520442889966 0 0.5735764363510394
vn 0 1 0
vn 0.042052088769387166 -0.9950371902099897 -0.09018099538783307
vn -0.42261826174069944 0 0.9063077870366499
vn 0 1 0
vn -0.6664191188526549 -0.743294146247164 0.0583041180565398
vn -0.547983827465765 -0.743294146247166 0.3837024068085412
vn -0.2827167120441142 -0.7432941462471643 0.606287945522311
vn 0.3837024068085412 -0.743294146247166 0.547983827465765
vn 0.0583041180565398 -0.743294146247164 0.6664191188526549
vn 0.606287945522311 -0.7432941462471643 0.2827167120441142
vn 0.547983827465765 -0.743294146247166 -0.3837024068085412
vn 0.6664191188526549 -0.743294146247164 -0.0583041180565398
vn 0.2827167120441142 -0.7432941462471643 -0.606287945522311
vn -0.0583041180565398 -0.743294146247164 -0.6664191188526549
vn -0.3837024068085412 -0.743294146247166 -0.547983827465765
vn -0.606287945522311 -0.7432941462471643 -0.2827167120441142
vn -0.996194698091746 0 0.08715574274765386
vn -0.8191520442889895 0 0.5735764363510497
vn -0.42261826174069944 0 0.9063077870366499
vn 0.5735764363510497 0 0.8191520442889895
vn 0.08715574274765386 0 0.996194698091746
vn 0.9063077870366499 0 0.42261826174069944
vn 0.8191520442889895 0 -0.5735764363510497
vn 0.996194698091746 0 -0.08715574274765386
vn 0.42261826174069944 0 -0.9063077870366499
vn -0.08715574274765386 0 -0.996194698091746
vn -0.5735764363510497 0 -0.8191520442889895
vn -0.9063077870366499 0 -0.42261826174069944
vn 0.023878957868846723 0.938173851549865 0.34533986106325715
vn 0.05581646107273708 0.5876012418109432 0.8072232053747918
vn 0.014801930108605477 0.9767068287431905 0.21406698379591346
vn 0.05443606913110079 -0.6142138542416229 0.7872598399735661
vn 0.02245425712300396 -0.9455382240895402 0.32473569733346586
vn 0.006336247976584096 -0.995772462301966 0.09163544774081273
vn 0.18964419225074214 0.9405237216208582 0.2818691352631826
vn 0.44833585210600335 0.5957802858100967 0.6663638756388461
vn 0.11737427098440743 0.9776446640323246 0.1744539807513777
vn 0.4369490227121974 -0.622337362628656 0.6494395727296454
vn 0.17827761602468215 -0.9476314555688476 0.26497493474104905
vn 0.05020491449972124 -0.9959474628467109 0.0746198218255387
vn 0.30491719371391296 0.9417052975698811 0.14218522253192883
vn 0.7250462296293217 0.5999999999999975 0.33809460939256036
vn 0.18857265699976478 0.9781145958876687 0.08793287407762612
vn 0.7063797614569391 -0.6265218814381277 0.3293902923330719
vn 0.28659968681826564 -0.9486832980505132 0.13364362878818148
vn 0.08062718695836321 -0.9960349977257896 0.0375970747341796
vn 0.33782522178290164 0.9405237216208582 -0.03590610805676477
vn 0.7986490747403582 0.5957802858100983 -0.08488525464653618
vn 0.20908622961934548 0.9776446640323248 -0.02222294923473345
vn 0.7783649936951509 -0.6223373626286561 -0.08272933981578912
vn 0.31757721898931507 -0.9476314555688476 -0.03375402784083908
vn 0.08943319684177505 -0.9959474628467109 -0.009505501136698603
vn 0.27989477980530963 0.938173851549865 -0.20368784083943042
vn 0.6542469804281562 0.5876012418109415 -0.47611518482703247
vn 0.17349932066535748 0.9767068287431907 -0.1262606685198496
vn 0.638066856459998 -0.6142138542416219 -0.46434042247569607
vn 0.2631952946880498 -0.9455382240895407 -0.19153512377542764
vn 0.07426968722581877 -0.995772462301966 -0.05404828286318669
vn 0.14762672839989363 0.9370055022815535 -0.31658654070575687
vn 0.3431725247435866 0.5836360481525736 -0.7359358542413592
vn 0.0915800872572847 0.9762389220699845 -0.1963941309041163
vn 0.33479556530003635 -0.6102696031727147 -0.7179714067418329
vn 0.13883881545864987 -0.9444967967061584 -0.29774080058642416
vn 0.03921794434754464 -0.9956849966160344 -0.0841031530614682
vn -0.023878957868846723 0.938173851549865 -0.34533986106325715
vn -0.05581646107273708 0.5876012418109432 -0.8072232053747918
vn -0.014801930108605477 0.9767068287431905 -0.21406698379591346
vn -0.054436069131102716 -0.6142138542416196 -0.7872598399735683
vn -0.02245425712300396 -0.9455382240895406 -0.3247356973334651
vn -0.006336247976584096 -0.995772462301966 -0.09163544774081273
vn -0.18964419225074214 0.9405237216208582 -0.2818691352631826
vn -0.44833585210600335 0.5957802858100967 -0.6663638756388461
vn -0.11737427098440743 0.9776446640323246 -0.1744539807513777
vn -0.4369490227121974 -0.622337362628656 -0.6494395727296454
vn -0.17827761602468215 -0.9476314555688476 -0.26497493474104905
vn -0.05020491449972124 -0.9959474628467109 -0.0746198218255387
vn -0.30491719371391296 0.9417052975698811 -0.14218522253192883
vn -0.7250462296293217 0.5999999999999975 -0.33809460939256036
vn -0.1885726569997648 0.9781145958876687 -0.08793287407762614
vn -0.7063797614569391 -0.6265218814381276 -0.3293902923330719
vn -0.28659968681826564 -0.9486832980505133 -0.13364362878818148
vn -0.08062718695836323 -0.9960349977257896 -0.0375970747341796
vn -0.33782522178290164 0.9405237216208582 0.03590610805676477
vn -0.7986490747403582 0.5957802858100983 0.08488525464653618
vn -0.20908622961934553 0.9776446640323246 0.022222949234733225
vn -0.7783649936951509 -0.6223373626286561 0.08272933981578912
vn -0.3175772189893149 -0.9476314555688475 0.033754027840838294
vn -0.08943319684177513 -0.9959474628467109 0.009505501136698393
vn -0.27989477980530963 0.938173851549865 0.20368784083943042
vn -0.6542469804281562 0.5876012418109415 0.47611518482703247
vn -0.17349932066535748 0.9767068287431907 0.1262606685198496
vn -0.6380668564599971 -0.6142138542416253 0.4643404224756931
vn -0.2631952946880506 -0.9455382240895405 0.1915351237754281
vn -0.07426968722581877 -0.995772462301966 0.05404828286318669
vn -0.14762672839989363 0.9370055022815535 0.31658654070575687
vn -0.3431725247435866 0.5836360481525736 0.7359358542413592
vn -0.0915800872572847 0.9762389220699845 0.1963941309041163
vn -0.33479556530003457 -0.6102696031727144 0.7179714067418339
vn -0.13883881545864987 -0.9444967967061584 0.29774080058642416
vn -0.03921794434754464 -0.9956849966160344 0.0841031530614682
vn -0.009410235941746295 -0.9906515423645241 -0.1360917670923193
vn 0.06898154355721182 0 0.9976179362102833
vn 0 1 0
vn -0.07457729500750424 -0.9910356694831631 -0.11084461593339745
vn 0.5582235784443527 0 0.8296905666986829
vn 0 1 0
vn -0.11978100868221506 -0.9912279006826358 -0.055854801650047255
vn 0.9063077870366499 0 0.42261826174069944
vn 0 1 0
vn -0.1328492632801973 -0.9910356694831632 0.014120023299107665
vn 0.9943990477866739 0 -0.1056907458624293
vn 0 1 0
vn -0.1103011250028932 -0.9906515423645242 0.08026944271567735
vn 0.8085601578853294 0 -0.5884135204772671
vn 0 1 0
vn -0.058238098645360246 -0.9904596462288637 0.1248920055822934
vn 0.42261826174069944 0 -0.9063077870366499
vn 0 1 0
vn 0.00941023594174413 -0.9906515423645242 0.13609176709231893
vn -0.06898154355719627 0 -0.9976179362102842
vn 0 1 0
vn 0.07457729500750385 -0.9910356694831632 0.11084461593339691
vn -0.5582235784443527 0 -0.8296905666986829
vn 0 1 0
vn 0.11978100868221506 -0.9912279006826358 0.055854801650047255
vn -0.9063077870366499 0 -0.42261826174069944
vn 0 1 0
vn 0.13284926328019794 -0.9910356694831631 -0.014120023299107727
vn -0.9943990477866739 0 0.1056907458624293
vn 0 1 0
vn 0.11030112500289485 -0.9906515423645241 -0.0802694427156759
vn -0.8085601578853387 0 0.5884135204772546
vn 0 1 0
vn 0.058238098645360246 -0.9904596462288637 -0.1248920055822934
vn -0.42261826174069944 0 0.9063077870366499
vn 0 1 0
vn -0.7673428823444293 -0.6360292596541267 0.08155784314930664
vn -0.6292609644254146 -0.6279560661692983 0.4579321102648044
vn -0.33023303550950334 -0.6240330702407032 0.7081870300310087
vn 0.4307615646148591 -0.6360292596541277 0.6402431220359818
vn 0.05368480279795823 -0.6279560661692967 0.7763949516256055
vn 0.696244927866363 -0.6401843996644776 0.3246643418156597
vn 0.6292609644254116 -0.6279560661692973 -0.45793211026480984
vn 0.7673428823444293 -0.6360292596541267 -0.08155784314930664
vn 0.33023303550950334 -0.6240330702407032 -0.7081870300310087
vn -0.05368480279795207 -0.6279560661692973 -0.7763949516256053
vn -0.4307615646148591 -0.6360292596541277 -0.6402431220359818
vn -0.696244927866363 -0.6401843996644776 -0.3246643418156597
vn -0.9943990477866744 0 0.10569074586242458
vn -0.8085601578853342 0 0.5884135204772608
vn -0.42261826174069944 0 0.9063077870366499
vn 0.5582235784443567 0 0.8296905666986805
vn 0.06898154355720411 0 0.9976179362102837
vn 0.9063077870366499 0 0.42261826174069944
vn 0.8085601578853294 0 -0.5884135204772671
vn 0.9943990477866744 0 -0.10569074586242458
vn 0.42261826174069944 0 -0.9063077870366499
vn -0.06898154355719627 0 -0.9976179362102842
vn -0.5582235784443567 0 -0.8296905666986805
vn -0.9063077870366499 0 -0.42261826174069944
vn 0 1 0
vn 0 1 0
vn 0 1 0
vn 0 1 0
vn 0 1 0
vn 0 1 0
vn 0 1 0
vn 0 1 0
vn 0 1 0
vn 0 1 0
vn 0 1 0
vn 0 1 0
vn 0 1 0
vn 0 1 0
vn 0 1 0
vn 0 1 0
vn 0 1 0
vn 0 1 0
vn 0 1 0
vn 0 1 0
vn 0 1 0
vn 0 1 0
vn 0 1 0
vn 0 1 0
usemtl m_60b7bb38-1ae8-8081-5581-714145adf16e
f 194/674/178 199/675/178 193/676/178
f 194/677/179 195/678/179 200/679/179 199/680/179
f 195/681/180 196/682/180 201/683/180 200/684/180
f 196/685/181 197/686/181 202/687/181 201/688/181
f 197/689/182 198/690/182 203/691/182 202/692/182
f 203/693/183 198/694/183 192/695/183
f 199/696/184 204/697/184 193/698/184
f 199/699/185 200/700/185 205/701/185 204/702/185
f 200/703/186 201/704/186 206/705/186 205/706/186
f 201/707/187 202/708/187 207/709/187 206/710/187
f 202/711/188 203/712/188 208/713/188 207/714/188
f 208/715/189 203/716/189 192/717/189
f 204/718/190 209/719/190 193/720/190
f 204/721/191 205/722/191 210/723/191 209/724/191
f 205/725/192 206/726/192 211/727/192 210/728/192
f 206/729/193 207/730/193 212/731/193 211/732/193
f 207/733/194 208/734/194 213/735/194 212/736/194
f 213/737/195 208/738/195 192/739/195
f 209/740/196 214/741/196 193/742/196
f 209/743/197 210/744/197 215/745/197 214/746/197
f 210/747/198 211/748/198 216/749/198 215/750/198
f 211/751/199 212/752/199 217/753/199 216/754/199
f 212/755/200 213/756/200 218/757/200 217/758/200
f 218/759/201 213/760/201 192/761/201
f 214/762/202 219/763/202 193/764/202
f 214/765/203 215/766/203 220/767/203 219/768/203
f 215/769/204 216/770/204 221/771/204 220/772/204
f 216/773/205 217/774/205 222/775/205 221/776/205
f 217/777/206 218/778/206 223/779/206 222/780/206
f 223/781/207 218/782/207 192/783/207
f 219/784/208 224/785/208 193/786/208
f 219/787/209 220/788/209 225/789/209 224/790/209
f 220/791/210 221/792/210 226/793/210 225/794/210
f 221/795/211 222/796/211 227/797/211 226/798/211
f 222/799/212 223/800/212 228/801/212 227/802/212
f 228/803/213 223/804/213 192/805/213
f 224/806/214 229/807/214 193/808/214
f 224/809/215 225/810/215 230/811/215 229/812/215
f 225/813/216 226/814/216 231/815/216 230/816/216
f 226/817/217 227/818/217 232/819/217 231/820/217
f 227/821/218 228/822/218 233/823/218 232/824/218
f 233/825/219 228/826/219 192/827/219
f 229/828/220 234/829/220 193/830/220
f 229/831/221 230/832/221 235/833/221 234/834/221
f 230/835/222 231/836/222 236/837/222 235/838/222
f 231/839/223 232/840/223 237/841/223 236/842/223
f 232/843/224 233/844/224 238/845/224 237/846/224
f 238/847/225 233/848/225 192/849/225
f 234/850/226 239/851/226 193/852/226
f 234/853/227 235/854/227 240/855/227 239/856/227
f 235/857/228 236/858/228 241/859/228 240/860/228
f 236/861/229 237/862/229 242/863/229 241/864/229
f 237/865/230 238/866/230 243/867/230 242/868/230
f 243/869/231 238/870/231 192/871/231
f 239/872/232 244/873/232 193/874/232
f 239/875/233 240/876/233 245/877/233 244/878/233
f 240/879/234 241/880/234 246/881/234 245/882/234
f 241/883/235 242/884/235 247/885/235 246/886/235
f 242/887/236 243/888/236 248/889/236 247/890/236
f 248/891/237 243/892/237 192/893/237
f 244/894/238 249/895/238 193/896/238
f 244/897/239 245/898/239 250/899/239 249/900/239
f 245/901/240 246/902/240 251/903/240 250/904/240
f 246/905/241 247/906/241 252/907/241 251/908/241
f 247/909/242 248/910/242 253/911/242 252/912/242
f 253/913/243 248/914/243 192/915/243
f 249/916/244 194/917/244 193/918/244
f 249/919/245 250/920/245 195/921/245 194/922/245
f 250/923/246 251/924/246 196/925/246 195/926/246
f 251/927/247 252/928/247 197/929/247 196/930/247
f 252/931/248 253/932/248 198/933/248 197/934/248
f 198/935/249 253/936/249 192/937/249
f 257/938/250 255/939/250 254/940/250
f 255/941/251 257/942/251 258/943/251 256/944/251
f 295/945/252 296/946/252 293/947/252
f 259/948/253 257/949/253 254/950/253
f 257/951/254 259/952/254 260/953/254 258/954/254
f 296/955/255 297/956/255 293/957/255
f 261/958/256 259/959/256 254/960/256
f 259/961/257 261/962/257 262/963/257 260/964/257
f 297/965/258 298/966/258 293/967/258
f 263/968/259 261/969/259 254/970/259
f 261/971/260 263/972/260 264/973/260 262/974/260
f 298/975/261 299/976/261 293/977/261
f 265/978/262 263/979/262 254/980/262
f 263/981/263 265/982/263 266/983/263 264/984/263
f 299/985/264 300/986/264 293/987/264
f 267/988/265 265/989/265 254/990/265
f 265/991/266 267/992/266 268/993/266 266/994/266
f 300/995/267 301/996/267 293/997/267
f 269/998/268 267/999/268 254/1000/268
f 267/1001/269 269/1002/269 270/1003/269 268/1004/269
f 301/1005/270 302/1006/270 293/1007/270
f 271/1008/271 269/1009/271 254/1010/271
f 269/1011/272 271/1012/272 272/1013/272 270/1014/272
f 302/1015/273 303/1016/273 293/1017/273
f 273/1018/274 271/1019/274 254/1020/274
f 271/1021/275 273/1022/275 274/1023/275 272/1024/275
f 303/1025/276 291/1026/276 293/1027/276
f 275/1028/277 273/1029/277 254/1030/277
f 273/1031/278 275/1032/278 276/1033/278 274/1034/278
f 291/1035/279 292/1036/279 293/1037/279
f 277/1038/280 275/1039/280 254/1040/280
f 275/1041/281 277/1042/281 278/1043/281 276/1044/281
f 292/1045/282 294/1046/282 293/1047/282
f 255/1048/283 277/1049/283 254/1050/283
f 277/1051/284 255/1052/284 256/1053/284 278/1054/284
f 294/1055/285 295/1056/285 293/1057/285
f 280/1058/286 279/1059/286 274/1060/286 276/1061/286
f 281/1062/287 280/1063/287 276/1064/287 278/1065/287
f 282/1066/288 281/1067/288 278/1068/288 256/1069/288
f 284/1070/289 283/1071/289 258/1072/289 260/1073/289
f 283/1074/290 282/1075/290 256/1076/290 258/1077/290
f 285/1078/291 284/1079/291 260/1080/291 262/1081/291
f 287/1082/292 286/1083/292 264/1084/292 266/1085/292
f 286/1086/293 285/1087/293 262/1088/293 264/1089/293
f 288/1090/294 287/1091/294 266/1092/294 268/1093/294
f 289/1094/295 288/1095/295 268/1096/295 270/1097/295
f 290/1098/296 289/1099/296 270/1100/296 272/1101/296
f 279/1102/297 290/1103/297 272/1104/297 274/1105/297
f 292/1106/298 291/1107/298 279/1108/298 280/1109/298
f 294/1110/299 292/1111/299 280/1112/299 281/1113/299
f 295/1114/300 294/1115/300 281/1116/300 282/1117/300
f 297/1118/301 296/1119/301 283/1120/301 284/1121/301
f 296/1122/302 295/1123/302 282/1124/302 283/1125/302
f 298/1126/303 297/1127/303 284/1128/303 285/1129/303
f 300/1130/304 299/1131/304 286/1132/304 287/1133/304
f 299/1134/305 298/1135/305 285/1136/305 286/1137/305
f 301/1138/306 300/1139/306 287/1140/306 288/1141/306
f 302/1142/307 301/1143/307 288/1144/307 289/1145/307
f 303/1146/308 302/1147/308 289/1148/308 290/1149/308
f 291/1150/309 303/1151/309 290/1152/309 279/1153/309
f 306/1154/310 311/1155/310 305/1156/310
f 306/1157/311 307/1158/311 312/1159/311 311/1160/311
f 307/1161/312 308/1162/312 313/1163/312 312/1164/312
f 308/1165/313 309/1166/313 314/1167/313 313/1168/313
f 309/1169/314 310/1170/314 315/1171/314 314/1172/314
f 315/1173/315 310/1174/315 304/1175/315
f 311/1176/316 316/1177/316 305/1178/316
f 311/1179/317 312/1180/317 317/1181/317 316/1182/317
f 312/1183/318 313/1184/318 318/1185/318 317/1186/318
f 313/1187/319 314/1188/319 319/1189/319 318/1190/319
f 314/1191/320 315/1192/320 320/1193/320 319/1194/320
f 320/1195/321 315/1196/321 304/1197/321
f 316/1198/322 321/1199/322 305/1200/322
f 316/1201/323 317/1202/323 322/1203/323 321/1204/323
f 317/1205/324 318/1206/324 323/1207/324 322/1208/324
f 318/1209/325 319/1210/325 324/1211/325 323/1212/325
f 319/1213/326 320/1214/326 325/1215/326 324/1216/326
f 325/1217/327 320/1218/327 304/1219/327
f 321/1220/328 326/1221/328 305/1222/328
f 321/1223/329 322/1224/329 327/1225/329 326/1226/329
f 322/1227/330 323/1228/330 328/1229/330 327/1230/330
f 323/1231/331 324/1232/331 329/1233/331 328/1234/331
f 324/1235/332 325/1236/332 330/1237/332 329/1238/332
f 330/1239/333 325/1240/333 304/1241/333
f 326/1242/334 331/1243/334 305/1244/334
f 326/1245/335 327/1246/335 332/1247/335 331/1248/335
f 327/1249/336 328/1250/336 333/1251/336 332/1252/336
f 328/1253/337 329/1254/337 334/1255/337 333/1256/337
f 329/1257/338 330/1258/338 335/1259/338 334/1260/338
f 335/1261/339 330/1262/339 304/1263/339
f 331/1264/340 336/1265/340 305/1266/340
f 331/1267/341 332/1268/341 337/1269/341 336/1270/341
f 332/1271/342 333/1272/342 338/1273/342 337/1274/342
f 333/1275/343 334/1276/343 339/1277/343 338/1278/343
f 334/1279/344 335/1280/344 340/1281/344 339/1282/344
f 340/1283/345 335/1284/345 304/1285/345
f 336/1286/346 341/1287/346 305/1288/346
f 336/1289/347 337/1290/347 342/1291/347 341/1292/347
f 337/1293/348 338/1294/348 343/1295/348 342/1296/348
f 338/1297/349 339/1298/349 344/1299/349 343/1300/349
f 339/1301/350 340/1302/350 345/1303/350 344/1304/350
f 345/1305/351 340/1306/351 304/1307/351
f 341/1308/352 346/1309/352 305/1310/352
f 341/1311/353 342/1312/353 347/1313/353 346/1314/353
f 342/1315/354 343/1316/354 348/1317/354 347/1318/354
f 343/1319/355 344/1320/355 349/1321/355 348/1322/355
f 344/1323/356 345/1324/356 350/1325/356 349/1326/356
f 350/1327/357 345/1328/357 304/1329/357
f 346/1330/358 351/1331/358 305/1332/358
f 346/1333/359 347/1334/359 352/1335/359 351/1336/359
f 347/1337/360 348/1338/360 353/1339/360 352/1340/360
f 348/1341/361 349/1342/361 354/1343/361 353/1344/361
f 349/1345/362 350/1346/362 355/1347/362 354/1348/362
f 355/1349/363 350/1350/363 304/1351/363
f 351/1352/364 356/1353/364 305/1354/364
f 351/1355/365 352/1356/365 357/1357/365 356/1358/365
f 352/1359/366 353/1360/366 358/1361/366 357/1362/366
f 353/1363/367 354/1364/367 359/1365/367 358/1366/367
f 354/1367/368 355/1368/368 360/1369/368 359/1370/368
f 360/1371/369 355/1372/369 304/1373/369
f 356/1374/370 361/1375/370 305/1376/370
f 356/1377/371 357/1378/371 362/1379/371 361/1380/371
f 357/1381/372 358/1382/372 363/1383/372 362/1384/372
f 358/1385/373 359/1386/373 364/1387/373 363/1388/373
f 359/1389/374 360/1390/374 365/1391/374 364/1392/374
f 365/1393/375 360/1394/375 304/1395/375
f 361/1396/376 306/1397/376 305/1398/376
f 361/1399/377 362/1400/377 307/1401/377 306/1402/377
f 362/1403/378 363/1404/378 308/1405/378 307/1406/378
f 363/1407/379 364/1408/379 309/1409/379 308/1410/379
f 364/1411/380 365/1412/380 310/1413/380 309/1414/380
f 310/1415/381 365/1416/381 304/1417/381
f 369/1418/382 367/1419/382 366/1420/382
f 367/1421/383 369/1422/383 370/1423/383 368/1424/383
f 407/1425/384 408/1426/384 405/1427/384
f 371/1428/385 369/1429/385 366/1430/385
f 369/1431/386 371/1432/386 372/1433/386 370/1434/386
f 408/1435/387 409/1436/387 405/1437/387
f 373/1438/388 371/1439/388 366/1440/388
f 371/1441/389 373/1442/389 374/1443/389 372/1444/389
f 409/1445/390 410/1446/390 405/1447/390
f 375/1448/391 373/1449/391 366/1450/391
f 373/1451/392 375/1452/392 376/1453/392 374/1454/392
f 410/1455/393 411/1456/393 405/1457/393
f 377/1458/394 375/1459/394 366/1460/394
f 375/1461/395 377/1462/395 378/1463/395 376/1464/395
f 411/1465/396 412/1466/396 405/1467/396
f 379/1468/397 377/1469/397 366/1470/397
f 377/1471/398 379/1472/398 380/1473/398 378/1474/398
f 412/1475/399 413/1476/399 405/1477/399
f 381/1478/400 379/1479/400 366/1480/400
f 379/1481/401 381/1482/401 382/1483/401 380/1484/401
f 413/1485/402 414/1486/402 405/1487/402
f 383/1488/403 381/1489/403 366/1490/403
f 381/1491/404 383/1492/404 384/1493/404 382/1494/404
f 414/1495/405 415/1496/405 405/1497/405
f 385/1498/406 383/1499/406 366/1500/406
f 383/1501/407 385/1502/407 386/1503/407 384/1504/407
f 415/1505/408 403/1506/408 405/1507/408
f 387/1508/409 385/1509/409 366/1510/409
f 385/1511/410 387/1512/410 388/1513/410 386/1514/410
f 403/1515/411 404/1516/411 405/1517/411
f 389/1518/412 387/1519/412 366/1520/412
f 387/1521/413 389/1522/413 390/1523/413 388/1524/413
f 404/1525/414 406/1526/414 405/1527/414
f 367/1528/415 389/1529/415 366/1530/415
f 389/1531/416 367/1532/416 368/1533/416 390/1534/416
f 406/1535/417 407/1536/417 405/1537/417
f 392/1538/418 391/1539/418 386/1540/418 388/1541/418
f 393/1542/419 392/1543/419 388/1544/419 390/1545/419
f 394/1546/420 393/1547/420 390/1548/420 368/1549/420
f 396/1550/421 395/1551/421 370/1552/421 372/1553/421
f 395/1554/422 394/1555/422 368/1556/422 370/1557/422
f 397/1558/423 396/1559/423 372/1560/423 374/1561/423
f 399/1562/424 398/1563/424 376/1564/424 378/1565/424
f 398/1566/425 397/1567/425 374/1568/425 376/1569/425
f 400/1570/426 399/1571/426 378/1572/426 380/1573/426
f 401/1574/427 400/1575/427 380/1576/427 382/1577/427
f 402/1578/428 401/1579/428 382/1580/428 384/1581/428
f 391/1582/429 402/1583/429 384/1584/429 386/1585/429
f 404/1586/430 403/1587/430 391/1588/430 392/1589/430
f 406/1590/431 404/1591/431 392/1592/431 393/1593/431
f 407/1594/432 406/1595/432 393/1596/432 394/1597/432
f 409/1598/433 408/1599/433 395/1600/433 396/1601/433
f 408/1602/434 407/1603/434 394/1604/434 395/1605/434
f 410/1606/435 409/1607/435 396/1608/435 397/1609/435
f 412/1610/436 411/1611/436 398/1612/436 399/1613/436
f 411/1614/437 410/1615/437 397/1616/437 398/1617/437
f 413/1618/438 412/1619/438 399/1620/438 400/1621/438
f 414/1622/439 413/1623/439 400/1624/439 401/1625/439
f 415/1626/440 414/1627/440 401/1628/440 402/1629/440
f 403/1630/441 415/1631/441 402/1632/441 391/1633/441
f 420/1634/442 421/1635/442 418/1636/442
f 421/1637/443 422/1638/443 418/1639/443
f 422/1640/444 423/1641/444 418/1642/444
f 423/1643/445 424/1644/445 418/1645/445
f 424/1646/446 425/1647/446 418/1648/446
f 425/1649/447 426/1650/447 418/1651/447
f 426/1652/448 427/1653/448 418/1654/448
f 427/1655/449 428/1656/449 418/1657/449
f 428/1658/450 416/1659/450 418/1660/450
f 416/1661/451 417/1662/451 418/1663/451
f 417/1664/452 419/1665/452 418/1666/452
f 419/1667/453 420/1668/453 418/1669/453
f 433/1670/454 434/1671/454 431/1672/454
f 434/1673/455 435/1674/455 431/1675/455
f 435/1676/456 436/1677/456 431/1678/456
f 436/1679/457 437/1680/457 431/1681/457
f 437/1682/458 438/1683/458 431/1684/458
f 438/1685/459 439/1686/459 431/1687/459
f 439/1688/460 440/1689/460 431/1690/460
f 440/1691/461 441/1692/461 431/1693/461
f 441/1694/462 429/1695/462 431/1696/462
f 429/1697/463 430/1698/463 431/1699/463
f 430/1700/464 432/1701/464 431/1702/464
f 432/1703/465 433/1704/465 431/1705/465
o sphere_selection
v 9.242288463571175 2.875 0.7997008038833093
v 8.958211470277414 2.875 -0.4816877054616029
v 9.242288463571175 1.9375 0.7997008038833093
v 8.958211470277414 1.9375 -0.4816877054616029
v 9.085881978111729 3.0625 0.994418961024051
v 8.73416760546231 3.0625 -0.5920620505458407
v 9.085881978111729 1.9375 0.994418961024051
v 8.73416760546231 1.9375 -0.5920620505458407
v 9.13160590875412 1.9375 0.4401337176659941
v 9.000416132797378 1.9375 0.4692177907889268
v 9.009858625913937 1.9375 -0.10903278633896818
v 8.878668849957196 1.9375 -0.07994871321603592
v 9.13160590875412 1.625 0.4401337176659941
v 9.000416132797378 1.625 0.4692177907889268
v 9.009858625913937 1.625 -0.10903278633896818
v 8.878668849957196 1.625 -0.07994871321603592
v 9.436610379658282 1.4375 0.8846556115415618
v 8.911851275831317 1.4375 1.0009919040332926
v 9.098423482879996 1.4375 -0.6408068995833336
v 8.573664379053032 1.4375 -0.5244706070916036
v 8.662494818634313 2.875 2.756423047416175
v 9.318744818634311 2.875 1.619764704949099
v 8.662494818634313 1.9375 2.756423047416175
v 9.318744818634311 1.9375 1.619764704949099
v 8.415630181365689 3.0625 2.7943176417574933
v 9.228130181365687 3.0625 1.3870263606077806
v 8.415630181365689 1.9375 2.7943176417574933
v 9.228130181365687 1.9375 1.3870263606077806
v 8.823811081816768 1.9375 2.4165463334970103
v 8.707438918183232 1.9375 2.3493588334970106
v 9.105061081816768 1.9375 1.9294070438682636
v 8.988688918183232 1.9375 1.8622195438682636
v 8.823811081816768 1.625 2.4165463334970103
v 8.707438918183232 1.625 2.3493588334970106
v 9.105061081816768 1.625 1.9294070438682636
v 8.988688918183232 1.625 1.8622195438682636
v 8.748369327267069 1.4375 2.9503402853892298
v 8.282880672732933 1.4375 2.6815902853892295
v 9.529619327267067 1.4375 1.5971755919760442
v 9.064130672732933 1.4375 1.3284255919760444
v 8.1875 1.5625 1.375
v 8.1875 1.5625 -0.5
v 8.1875 1.4375 1.375
v 8.1875 1.4375 -0.5
v 7.5625 1.5 1.375
v 7.5625 1.5 -0.5
v 7.5625 1.4375 1.375
v 7.5625 1.4375 -0.5
vt 0.6661518661518662 0.5493343774471418
vt 0.5796653796653797 0.5493343774471418
vt 0.5796653796653797 0.5448316366483947
vt 0.6661518661518662 0.5448316366483947
vt 0.7338481338481339 0.4408770555990603
vt 0.7338481338481339 0.5507047768206734
vt 0.5245817245817246 0.5507047768206734
vt 0.5245817245817246 0.4408770555990603
vt 0.6445302445302445 0.4426389976507439
vt 0.7250965250965251 0.4426389976507439
vt 0.7250965250965251 0.4485121378230227
vt 0.6445302445302445 0.4485121378230227
vt 0.5202059202059202 0.5548159749412687
vt 0.5202059202059202 0.5573610023492561
vt 0.5181467181467182 0.5573610023492561
vt 0.5181467181467182 0.5548159749412687
vt 0.5323037323037323 0.4896241190289742
vt 0.5323037323037323 0.5258418167580265
vt 0.5238095238095238 0.5258418167580265
vt 0.5238095238095238 0.4896241190289742
vt 0.532046332046332 0.538371182458888
vt 0.5238095238095238 0.538371182458888
vt 0.5238095238095238 0.47474549725920123
vt 0.532046332046332 0.47474549725920123
vt 0.5207207207207207 0.5564800313234142
vt 0.5207207207207207 0.5539350039154267
vt 0.5217503217503218 0.552662490211433
vt 0.5217503217503218 0.557752545027408
vt 0.5333976833976835 0.5548486034977812
vt 0.5659588159588159 0.5548486034977812
vt 0.5822393822393822 0.557752545027408
vt 0.5171171171171172 0.557752545027408
vt 0.5181467181467182 0.5539350039154267
vt 0.5181467181467182 0.5564800313234142
vt 0.5171171171171172 0.557752545027408
vt 0.5171171171171172 0.552662490211433
vt 0.5672458172458172 0.557752545027408
vt 0.5346846846846847 0.557752545027408
vt 0.5184041184041184 0.5548486034977812
vt 0.5835263835263835 0.5548486034977812
vt 0.5449163449163449 0.543461237274863
vt 0.7027027027027027 0.543461237274863
vt 0.7027027027027027 0.5503132341425215
vt 0.5449163449163449 0.5503132341425215
vt 0.5418275418275418 0.5452231793265465
vt 0.7153153153153153 0.5452231793265465
vt 0.7153153153153153 0.5514878621769773
vt 0.5418275418275418 0.5514878621769773
vt 0.6208494208494209 0.4344166014095536
vt 0.6352638352638352 0.4344166014095536
vt 0.6352638352638352 0.4408770555990603
vt 0.6208494208494209 0.4408770555990603
vt 0.5765765765765766 0.5462020360219264
vt 0.6800514800514801 0.5462020360219264
vt 0.6800514800514801 0.5512920908379013
vt 0.5765765765765766 0.5512920908379013
vt 0.531016731016731 0.5444400939702427
vt 0.6136422136422136 0.5444400939702427
vt 0.6136422136422136 0.5503132341425215
vt 0.531016731016731 0.5503132341425215
vt 0.5425997425997426 0.44191184696274755
vt 0.6151866151866152 0.44191184696274755
vt 0.6151866151866152 0.44596711041503523
vt 0.5425997425997426 0.44596711041503523
vt 0.566023166023166 0.44191464369616296
vt 0.6080566280566281 0.44132732967893507
vt 0.6106306306306307 0.4475332811276429
vt 0.5716859716859717 0.4475332811276429
vt 0.5626769626769627 0.442443226311668
vt 0.5917631917631918 0.442443226311668
vt 0.5917631917631918 0.44806466047656335
vt 0.5626769626769627 0.44806466047656335
vt 0.6661518661518662 0.5493343774471418
vt 0.5796653796653797 0.5493343774471418
vt 0.5796653796653797 0.5448316366483947
vt 0.6661518661518662 0.5448316366483947
vt 0.7338481338481339 0.4408770555990603
vt 0.7338481338481339 0.5507047768206734
vt 0.5245817245817246 0.5507047768206734
vt 0.5245817245817246 0.4408770555990603
vt 0.6445302445302445 0.4426389976507439
vt 0.7250965250965251 0.4426389976507439
vt 0.7250965250965251 0.4485121378230227
vt 0.6445302445302445 0.4485121378230227
vt 0.5202059202059202 0.5548159749412687
vt 0.5202059202059202 0.5573610023492561
vt 0.5181467181467182 0.5573610023492561
vt 0.5181467181467182 0.5548159749412687
vt 0.5323037323037323 0.4896241190289742
vt 0.5323037323037323 0.5258418167580265
vt 0.5238095238095238 0.5258418167580265
vt 0.5238095238095238 0.4896241190289742
vt 0.532046332046332 0.538371182458888
vt 0.5238095238095238 0.538371182458888
vt 0.5238095238095238 0.47474549725920123
vt 0.532046332046332 0.47474549725920123
vt 0.5207207207207207 0.5564800313234142
vt 0.5207207207207207 0.5539350039154267
vt 0.5217503217503218 0.552662490211433
vt 0.5217503217503218 0.557752545027408
vt 0.5333976833976835 0.5548486034977812
vt 0.5659588159588159 0.5548486034977812
vt 0.5822393822393822 0.557752545027408
vt 0.5171171171171172 0.557752545027408
vt 0.5181467181467182 0.5539350039154267
vt 0.5181467181467182 0.5564800313234142
vt 0.5171171171171172 0.557752545027408
vt 0.5171171171171172 0.552662490211433
vt 0.5672458172458172 0.557752545027408
vt 0.5346846846846847 0.557752545027408
vt 0.5184041184041184 0.5548486034977812
vt 0.5835263835263835 0.5548486034977812
vt 0.5449163449163449 0.543461237274863
vt 0.7027027027027027 0.543461237274863
vt 0.7027027027027027 0.5503132341425215
vt 0.5449163449163449 0.5503132341425215
vt 0.5418275418275418 0.5452231793265465
vt 0.7153153153153153 0.5452231793265465
vt 0.7153153153153153 0.5514878621769773
vt 0.5418275418275418 0.5514878621769773
vt 0.6208494208494209 0.4344166014095536
vt 0.6352638352638352 0.4344166014095536
vt 0.6352638352638352 0.4408770555990603
vt 0.6208494208494209 0.4408770555990603
vt 0.5765765765765766 0.5462020360219264
vt 0.6800514800514801 0.5462020360219264
vt 0.6800514800514801 0.5512920908379013
vt 0.5765765765765766 0.5512920908379013
vt 0.531016731016731 0.5444400939702427
vt 0.6136422136422136 0.5444400939702427
vt 0.6136422136422136 0.5503132341425215
vt 0.531016731016731 0.5503132341425215
vt 0.5425997425997426 0.44191184696274755
vt 0.6151866151866152 0.44191184696274755
vt 0.6151866151866152 0.44596711041503523
vt 0.5425997425997426 0.44596711041503523
vt 0.566023166023166 0.44191464369616296
vt 0.6080566280566281 0.44132732967893507
vt 0.6106306306306307 0.4475332811276429
vt 0.5716859716859717 0.4475332811276429
vt 0.5626769626769627 0.442443226311668
vt 0.5917631917631918 0.442443226311668
vt 0.5917631917631918 0.44806466047656335
vt 0.5626769626769627 0.44806466047656335
vt 0.7011583011583011 0.22259201252936567
vt 0.6707850707850708 0.22259201252936567
vt 0.6707850707850708 0.21593578700078309
vt 0.7011583011583011 0.21593578700078309
vt 0.7029601029601029 0.2151527016444792
vt 0.7029601029601029 0.2216131558339859
vt 0.6705276705276705 0.22200469851213778
vt 0.6705276705276705 0.2155442443226312
vt 0.745945945945946 0.19890291576938135
vt 0.745945945945946 0.24862960062646833
vt 0.5186299887558611 0.24843459401918555
vt 0.5184041184041184 0.19870790916209868
vt 0.004633204633204633 0.9964761158966328
vt 0.004633204633204633 0.9996084573218481
vt 0.0005148005148005148 0.9996084573218481
vt 0.0005148005148005148 0.9964761158966328
vt 0.6998712998712999 0.21632732967893498
vt 0.6998712998712999 0.22259201252936567
vt 0.6718146718146718 0.22259201252936567
vt 0.6718146718146718 0.21632732967893498
vt 0.7011583011583011 0.22259201252936567
vt 0.6707850707850708 0.22259201252936567
vt 0.6707850707850708 0.21593578700078309
vt 0.7011583011583011 0.21593578700078309
vn 0.9762960071199334 0 -0.21643961393810351
vn -0.9762960071199333 0 0.21643961393810354
vn 0.6769610682107612 0.7205554171945548 -0.15007865563938938
vn 0 -1 0
vn 0.7796329892377898 0 0.6262366981358952
vn 0.4419283843724433 0 -0.8970503347560616
vn 0 -1 0
vn 0 -1 0
vn 0 -1 0
vn 0 -1 0
vn 0.9762960071199335 0 -0.21643961393810224
vn 0.21643961393810307 0 0.9762960071199334
vn -0.9762960071199336 0 0.21643961393810207
vn -0.21643961393809993 0 -0.976296007119934
vn 0.6649590594742225 0.7321867381630817 -0.1474178743615044
vn 0.07599702214200985 0.9363291775690444 0.342800414028956
vn -0.6649590594742194 0.7321867381630847 0.14741787436150364
vn -0.07599702214200928 0.9363291775690447 -0.34280041402895606
vn 0.8660254037844393 0 0.499999999999999
vn -0.8660254037844393 0 -0.49999999999999933
vn 0.6004997236166606 0.7205554171945555 0.3466986770783739
vn 0 -1 0
vn 0.15172635308437782 0 0.9884225380775747
vn 0.9318622041904605 0 -0.3628123928441482
vn 0 -1 0
vn 0 -1 0
vn 0 -1 0
vn 0 -1 0
vn 0.8660254037844387 0 0.5
vn -0.4999999999999941 0 0.866025403784442
vn -0.8660254037844387 0 -0.49999999999999983
vn 0.4999999999999954 0 -0.8660254037844414
vn 0.5898533168030674 0.7321867381630824 0.3405519712386438
vn -0.17556172079419602 0.9363291775690447 0.30408182027976877
vn -0.5898533168030676 0.7321867381630818 -0.3405519712386447
vn 0.1755617207941961 0.9363291775690448 -0.3040818202797682
vn 1 0 0
vn -1 0 0
vn -0.09950371902099892 0.9950371902099892 0
vn 0 -1 0
vn 0 0 1
vn 0 0 -1
usemtl m_60b7bb38-1ae8-8081-5581-714145adf16e
f 443/1706/466 442/1707/466 444/1708/466 445/1709/466
f 448/1710/467 446/1711/467 447/1712/467 449/1713/467
f 446/1714/468 442/1715/468 443/1716/468 447/1717/468
f 460/1718/469 458/1719/469 459/1720/469 461/1721/469
f 444/1722/470 442/1723/470 446/1724/470 448/1725/470
f 447/1726/471 443/1727/471 445/1728/471 449/1729/471
f 450/1730/472 452/1731/472 445/1732/472 444/1733/472
f 451/1734/473 450/1735/473 444/1736/473 448/1737/473
f 453/1738/474 451/1739/474 448/1740/474 449/1741/474
f 452/1742/475 453/1743/475 449/1744/475 445/1745/475
f 454/1746/476 456/1747/476 452/1748/476 450/1749/476
f 455/1750/477 454/1751/477 450/1752/477 451/1753/477
f 457/1754/478 455/1755/478 451/1756/478 453/1757/478
f 456/1758/479 457/1759/479 453/1760/479 452/1761/479
f 458/1762/480 460/1763/480 456/1764/480 454/1765/480
f 459/1766/481 458/1767/481 454/1768/481 455/1769/481
f 461/1770/482 459/1771/482 455/1772/482 457/1773/482
f 460/1774/483 461/1775/483 457/1776/483 456/1777/483
f 463/1778/484 462/1779/484 464/1780/484 465/1781/484
f 468/1782/485 466/1783/485 467/1784/485 469/1785/485
f 466/1786/486 462/1787/486 463/1788/486 467/1789/486
f 480/1790/487 478/1791/487 479/1792/487 481/1793/487
f 464/1794/488 462/1795/488 466/1796/488 468/1797/488
f 467/1798/489 463/1799/489 465/1800/489 469/1801/489
f 470/1802/490 472/1803/490 465/1804/490 464/1805/490
f 471/1806/491 470/1807/491 464/1808/491 468/1809/491
f 473/1810/492 471/1811/492 468/1812/492 469/1813/492
f 472/1814/493 473/1815/493 469/1816/493 465/1817/493
f 474/1818/494 476/1819/494 472/1820/494 470/1821/494
f 475/1822/495 474/1823/495 470/1824/495 471/1825/495
f 477/1826/496 475/1827/496 471/1828/496 473/1829/496
f 476/1830/497 477/1831/497 473/1832/497 472/1833/497
f 478/1834/498 480/1835/498 476/1836/498 474/1837/498
f 479/1838/499 478/1839/499 474/1840/499 475/1841/499
f 481/1842/500 479/1843/500 475/1844/500 477/1845/500
f 480/1846/501 481/1847/501 477/1848/501 476/1849/501
f 483/1850/502 482/1851/502 484/1852/502 485/1853/502
f 488/1854/503 486/1855/503 487/1856/503 489/1857/503
f 486/1858/504 482/1859/504 483/1860/504 487/1861/504
f 485/1862/505 484/1863/505 488/1864/505 489/1865/505
f 484/1866/506 482/1867/506 486/1868/506 488/1869/506
f 487/1870/507 483/1871/507 485/1872/507 489/1873/507
o sphere_selection_selection
v 7.8234375 1.5062499999999996 1.96875
v 7.8234375 1.5062499999999996 1.78125
v 7.5515625 1.5062499999999996 1.96875
v 7.5515625 1.5062499999999996 1.78125
v 7.8234375 1.3687500000000004 1.96875
v 7.8234375 1.3687500000000004 1.78125
v 7.5515625 1.3687500000000004 1.96875
v 7.5515625 1.3687500000000004 1.78125
v 7.50625 1.4031250000000002 1.96875
v 7.50625 1.4718749999999998 1.96875
v 7.50625 1.4031250000000002 1.78125
v 7.50625 1.4718749999999998 1.78125
v 7.86875 1.4031250000000002 1.96875
v 7.86875 1.4718749999999998 1.96875
v 7.86875 1.4031250000000002 1.78125
v 7.86875 1.4718749999999998 1.78125
v 7.8234375 1.4031250000000002 1.75
v 7.8234375 1.4718749999999998 1.75
v 7.5515625 1.4031250000000002 1.75
v 7.5515625 1.4718749999999998 1.75
v 7.8234375 1.4031250000000002 2
v 7.8234375 1.4718749999999998 2
v 7.5515625 1.4031250000000002 2
v 7.5515625 1.4718749999999998 2
v 7.711551744051116 1.5062499999999996 1.78125
v 7.712971790783123 1.5062499999999996 1.96875
vt 0.75006435006435 0.2899373531714957
vt 0.7492921492921493 0.2899373531714957
vt 0.7492921492921493 0.2897415818324197
vt 0.75006435006435 0.2897415818324197
vt 0.751093951093951 0.2897415818324197
vt 0.751093951093951 0.2899373531714957
vt 0.7503217503217503 0.2899373531714957
vt 0.7503217503217503 0.2897415818324197
vt 0.7474903474903475 0.2907204385277995
vt 0.7485199485199485 0.2907204385277995
vt 0.7485199485199485 0.2913077525450274
vt 0.7474903474903475 0.2913077525450274
vt 0.7502380952380953 0.29109240407204384
vt 0.7502380952380953 0.2913077525450274
vt 0.749118404118404 0.2913077525450274
vt 0.749118404118404 0.29109240407204384
vt 0.7504954954954955 0.2920908379013313
vt 0.7493758043758043 0.2920908379013313
vt 0.7493758043758043 0.29187548942834773
vt 0.7504954954954955 0.29187548942834773
vt 0.7513513513513513 0.2907204385277995
vt 0.7505791505791506 0.2907204385277995
vt 0.7505791505791506 0.2905246671887236
vt 0.7513513513513513 0.2905246671887236
vt 0.7482625482625482 0.2893500391542678
vt 0.7482625482625482 0.2895458104933438
vt 0.7474903474903475 0.2895458104933438
vt 0.7474903474903475 0.2893500391542678
vt 0.7508365508365509 0.2915035238841034
vt 0.7508365508365509 0.2913077525450274
vt 0.7516087516087516 0.2913077525450274
vt 0.7516087516087516 0.2915035238841034
vt 0.7485199485199485 0.2893500391542678
vt 0.7492921492921493 0.2893500391542678
vt 0.7492921492921493 0.2895458104933438
vt 0.7485199485199485 0.2895458104933438
vt 0.7477027027027027 0.2901331245105716
vt 0.7488223938223939 0.2901331245105716
vt 0.7488223938223939 0.29027864134690684
vt 0.7477027027027027 0.29027864134690684
vt 0.7495045045045045 0.29027864134690684
vt 0.7495045045045045 0.2901331245105716
vt 0.7506241956241957 0.2901331245105716
vt 0.7506241956241957 0.29027864134690684
vt 0.749149111969112 0.29187548942834773
vt 0.7493758043758043 0.29187548942834773
vt 0.7493758043758043 0.2920908379013313
vt 0.749149111969112 0.2920908379013313
vt 0.7502380952380953 0.2913077525450274
vt 0.7502380952380953 0.29109240407204384
vt 0.7504647876447876 0.29109240407204384
vt 0.7504647876447876 0.2913077525450274
vt 0.7504954954954955 0.2920908379013313
vt 0.7504954954954955 0.29187548942834773
vt 0.7507221879021879 0.29187548942834773
vt 0.7507221879021879 0.2920908379013313
vt 0.7488917117117118 0.29109240407204384
vt 0.749118404118404 0.29109240407204384
vt 0.749118404118404 0.2913077525450274
vt 0.7488917117117118 0.2913077525450274
vt 0.7488223938223939 0.2901331245105716
vt 0.7490319018954158 0.2902128019462934
vt 0.7488223938223939 0.2902786510021459
vt 0.7477027027027027 0.2901331245105716
vt 0.7477027027027027 0.2902786510021459
vt 0.7474931946296808 0.2902128019462934
vt 0.7495045045045045 0.2901331245105716
vt 0.7495045045045045 0.2902786510021459
vt 0.7492949964314826 0.2902128019462934
vt 0.7506241956241957 0.2901331245105716
vt 0.7508337036972176 0.2902128019462934
vt 0.7506241956241957 0.2902786510021459
vt 0.7501093951093951 0.2907204385277995
vt 0.7501093951093951 0.2905749120362253
vt 0.750318903182417 0.2906407610920778
vt 0.748989703989704 0.29072042887256055
vt 0.7487801959166821 0.29064075143683876
vt 0.748989703989704 0.29057490238098627
vt 0.7477027027027027 0.2899373531714957
vt 0.7474931946296808 0.28985767573577403
vt 0.7477027027027027 0.28979182667992154
vt 0.7488223938223939 0.2899373531714957
vt 0.7488223938223939 0.28979182667992154
vt 0.7490319018954158 0.28985767573577403
vt 0.7482387387387387 0.2915035238841034
vt 0.7486936936936938 0.2915035238841034
vt 0.7486936936936938 0.2920908379013313
vt 0.7482328957528958 0.2920908379013313
vt 0.7482328957528958 0.2920908379013313
vt 0.7475740025740025 0.2920908379013313
vt 0.7475740025740025 0.2915035238841034
vt 0.7482387387387387 0.2915035238841034
vt 0.7501093951093951 0.2905749120362253
vt 0.7501093951093951 0.29072042887256055
vt 0.74965444015444 0.29072042887256055
vt 0.748989703989704 0.2905749120362253
vt 0.74965444015444 0.29072042887256055
vt 0.748989703989704 0.29072042887256055
vt 0.748989703989704 0.2905749120362253
vt 0.7488223938223939 0.2897918363351605
vt 0.7488223938223939 0.2899373531714957
vt 0.7481635006435007 0.2899373531714957
vt 0.7477027027027027 0.2897918363351605
vt 0.7481635006435007 0.2899373531714957
vt 0.7477027027027027 0.2899373531714957
vt 0.7477027027027027 0.2897918363351605
vn 1 0 0
vn -1 0 0
vn 0 -1 0
vn 0 0 1
vn 0 0 -1
vn 0.6043864813742252 0.7966912709024013 0
vn -0.6043864813742252 0.7966912709024013 0
vn 0.6043864813742252 -0.7966912709024013 0
vn -0.6043864813742252 -0.7966912709024013 0
vn 0 -0.6726727939963144 0.739940073395942
vn 0 -0.6726727939963144 -0.739940073395942
vn 0.567732955803655 0 -0.8232127859153094
vn 0.567732955803655 0 0.8232127859153094
vn -0.567732955803655 0 -0.8232127859153094
vn -0.567732955803655 0 0.8232127859153094
vn 0.4545406036752664 -0.599167159390134 0.6590838753291439
vn -0.4545406036752664 -0.599167159390134 0.6590838753291439
vn 0.4545406036752664 -0.599167159390134 -0.6590838753291439
vn -0.4545406036752664 -0.599167159390134 -0.6590838753291439
vn 0.4545406036752664 0.599167159390134 0.6590838753291439
vn -0.4545406036752664 0.599167159390134 0.6590838753291439
vn 0.4545406036752664 0.599167159390134 -0.6590838753291439
vn -0.4545406036752664 0.599167159390134 -0.6590838753291439
vn 0 1 0
vn 0 1 0
vn 0 0.6726727939963144 0.739940073395942
vn 0 0.6726727939963144 0.739940073395942
vn 0 0.6726727939963144 -0.739940073395942
vn 0 0.6726727939963144 -0.739940073395942
usemtl m_60b7bb38-1ae8-8081-5581-714145adf16e
f 505/1874/508 503/1875/508 502/1876/508 504/1877/508
f 498/1878/509 499/1879/509 501/1880/509 500/1881/509
f 497/1882/510 495/1883/510 494/1884/510 496/1885/510
f 510/1886/511 511/1887/511 513/1888/511 512/1889/511
f 509/1890/512 507/1891/512 506/1892/512 508/1893/512
f 491/1894/513 490/1895/513 503/1896/513 505/1897/513
f 499/1898/514 492/1899/514 493/1900/514 501/1901/514
f 502/1902/515 494/1903/515 495/1904/515 504/1905/515
f 497/1906/516 496/1907/516 498/1908/516 500/1909/516
f 496/1910/517 494/1911/517 510/1912/517 512/1913/517
f 506/1914/518 495/1915/518 497/1916/518 508/1917/518
f 504/1918/519 506/1919/519 507/1920/519 505/1921/519
f 511/1922/520 510/1923/520 502/1924/520 503/1925/520
f 509/1926/521 508/1927/521 500/1928/521 501/1929/521
f 498/1930/522 512/1931/522 513/1932/522 499/1933/522
f 494/1934/523 502/1935/523 510/1936/523
f 496/1937/524 512/1938/524 498/1939/524
f 495/1940/525 506/1941/525 504/1942/525
f 497/1943/526 500/1944/526 508/1945/526
f 490/1946/527 511/1947/527 503/1948/527
f 492/1949/528 499/1950/528 513/1951/528
f 491/1952/529 505/1953/529 507/1954/529
f 493/1955/530 509/1956/530 501/1957/530
f 515/1958/531 490/1959/531 491/1960/531 514/1961/531
f 514/1962/532 493/1963/532 492/1964/532 515/1965/532
f 511/1966/533 490/1967/533 515/1968/533 513/1969/533
f 515/1970/534 492/1971/534 513/1972/534
f 509/1973/535 493/1974/535 514/1975/535 507/1976/535
f 514/1977/536 491/1978/536 507/1979/536
o cuboid
v 9.8125 3.6875 7.6875
v 9.8125 3.6875 4.625
v 9.8125 1.8125 7.6875
v 9.8125 1.8125 4.625
v 9.6875 3.6875 7.6875
v 9.6875 3.6875 4.625
v 9.6875 1.8125 7.6875
v 9.6875 1.8125 4.625
vt 0.004633204633204633 0.9996084573218481
vt 0.0005148005148005148 0.9996084573218481
vt 0.0005148005148005148 0.9980422866092404
vt 0.004633204633204633 0.9980422866092404
vt 0.8543114543114543 0.29287879319144294
vt 0.8543114543114543 0.4113155833985904
vt 0.5171171171171172 0.4113155833985904
vt 0.5171171171171172 0.29228660924040717
vt 0.0005148005148005148 0.9964761158966328
vt 0.004633204633204633 0.9964761158966328
vt 0.004633204633204633 0.9996084573218481
vt 0.0005148005148005148 0.9996084573218481
vt 0.004633204633204633 0.9964761158966328
vt 0.004633204633204633 0.9996084573218481
vt 0.0005148005148005148 0.9996084573218481
vt 0.0005148005148005148 0.9964761158966328
vt 0.004633204633204633 0.9980422866092404
vt 0.004633204633204633 0.9996084573218481
vt 0.0005148005148005148 0.9996084573218481
vt 0.0005148005148005148 0.9980422866092404
vt 0.004633204633204633 0.9996084573218481
vt 0.0005148005148005148 0.9996084573218481
vt 0.0005148005148005148 0.9980422866092404
vt 0.004633204633204633 0.9980422866092404
vn 1 0 0
vn -1 0 0
vn 0 1 0
vn 0 -1 0
vn 0 0 1
vn 0 0 -1
usemtl m_60b7bb38-1ae8-8081-5581-714145adf16e
f 517/1980/537 516/1981/537 518/1982/537 519/1983/537
f 522/1984/538 520/1985/538 521/1986/538 523/1987/538
f 520/1988/539 516/1989/539 517/1990/539 521/1991/539
f 519/1992/540 518/1993/540 522/1994/540 523/1995/540
f 518/1996/541 516/1997/541 520/1998/541 522/1999/541
f 521/2000/542 517/2001/542 519/2002/542 523/2003/542
o cuboid
v 9.85625 3.8 7.79375
v 9.85625 3.8 4.51875
v 9.85625 1.7 7.79375
v 9.85625 1.7 4.51875
v 9.64375 3.8 7.79375
v 9.64375 3.8 4.51875
v 9.64375 1.7 7.79375
v 9.64375 1.7 4.51875
v 9.64375 1.91 7.4662500000000005
v 9.64375 3.59 7.4662500000000005
v 9.64375 3.59 4.84625
v 9.64375 1.91 4.84625
v 9.70625 1.91 7.4662500000000005
v 9.70625 3.59 7.4662500000000005
v 9.70625 3.59 4.84625
v 9.70625 1.91 4.84625
vt 0.004633204633204633 0.9996084573218481
vt 0.0005148005148005148 0.9996084573218481
vt 0.0005148005148005148 0.9980422866092404
vt 0.004633204633204633 0.9980422866092404
vt 0.7464401544401544 0.7766483946750196
vt 0.7464401544401544 0.7819107282693813
vt 0.7356499356499356 0.7819107282693813
vt 0.7356499356499356 0.7766483946750196
vt 0.5227799227799228 0.6366483946750197
vt 0.5680823680823681 0.6366483946750197
vt 0.5680823680823681 0.9526233359436178
vt 0.5227799227799228 0.9526233359436178
vt 0.5680823680823681 0.6366483946750197
vt 0.5680823680823681 0.9526233359436178
vt 0.5227799227799228 0.9526233359436178
vt 0.5227799227799228 0.6366483946750197
vt 0.5680823680823681 0.7946358653093187
vt 0.5680823680823681 0.9526233359436178
vt 0.5227799227799228 0.9526233359436178
vt 0.5227799227799228 0.7946358653093187
vt 0.5680823680823681 0.9526233359436178
vt 0.5227799227799228 0.9526233359436178
vt 0.5227799227799228 0.7946358653093187
vt 0.5680823680823681 0.7946358653093187
vt 0.8712998712998713 0.9316444792482387
vt 0.8746460746460747 0.625011746280344
vt 0.9653127413127413 0.5562646828504307
vt 0.9653127413127413 0.9964761158966328
vt 0.6053384813384814 0.930822239624119
vt 0.873014157014157 0.930822239624119
vt 0.9563449163449164 0.9943226311667972
vt 0.5271557271557271 0.9943226311667972
vt 0.5956859716859716 0.6268128425998422
vt 0.5974877734877734 0.9304306969459682
vt 0.5204633204633204 0.9923649177760376
vt 0.5204633204633204 0.564878621769773
vt 0.877930501930502 0.6213077525450275
vt 0.5983629343629343 0.6213077525450275
vt 0.5225225225225225 0.557948316366484
vt 0.9514543114543115 0.557948316366484
vt 0.6316602316602317 0.8919342208300705
vt 0.6316602316602317 0.8866718872357087
vt 0.631917631917632 0.8866718872357087
vt 0.631917631917632 0.8919342208300705
vt 0.6288288288288288 0.8946750195771339
vt 0.6288288288288288 0.8864682850430696
vt 0.6290862290862291 0.8864682850430696
vt 0.6290862290862291 0.8946750195771339
vt 0.6265122265122265 0.8866718872357087
vt 0.6265122265122265 0.8919342208300705
vt 0.6262548262548262 0.8919342208300705
vt 0.6262548262548262 0.8866718872357087
vt 0.6288288288288288 0.8921299921691465
vt 0.6288288288288288 0.8839232576350822
vt 0.6290862290862291 0.8839232576350822
vt 0.6290862290862291 0.8921299921691465
vn 1 0 0
vn -1 0 0
vn 0 1 0
vn 0 -1 0
vn 0 0 1
vn 0 0 -1
vn -1 0 0
vn -1 0 0
vn -1 0 0
vn -1 0 0
vn 0 0 -1
vn 0 -1 0
vn 0 0 1
vn 0 1 0
usemtl m_60b7bb38-1ae8-8081-5581-714145adf16e
f 525/2004/543 524/2005/543 526/2006/543 527/2007/543
f 536/2008/544 537/2009/544 538/2010/544 539/2011/544
f 528/2012/545 524/2013/545 525/2014/545 529/2015/545
f 527/2016/546 526/2017/546 530/2018/546 531/2019/546
f 526/2020/547 524/2021/547 528/2022/547 530/2023/547
f 529/2024/548 525/2025/548 527/2026/548 531/2027/548
f 533/2028/549 532/2029/549 530/2030/549 528/2031/549
f 534/2032/550 533/2033/550 528/2034/550 529/2035/550
f 535/2036/551 534/2037/551 529/2038/551 531/2039/551
f 532/2040/552 535/2041/552 531/2042/552 530/2043/552
f 537/2044/553 536/2045/553 532/2046/553 533/2047/553
f 538/2048/554 537/2049/554 533/2050/554 534/2051/554
f 539/2052/555 538/2053/555 534/2054/555 535/2055/555
f 536/2056/556 539/2057/556 535/2058/556 532/2059/556
o cuboid
v 3.03125 3.887500000000001 -1.1875
v 3.03125 3.887500000000001 -1.5
v 3.03125 0.08750000000000013 -1.1875
v 3.03125 0.08750000000000013 -1.5
v 1.15625 3.887500000000001 -1.1875
v 1.15625 3.887500000000001 -1.5
v 1.15625 0.08750000000000013 -1.1875
v 1.15625 0.08750000000000013 -1.5
vt 0.004375804375804376 0.999804228660924
vt 0.0002574002574002574 0.999804228660924
vt 0.0002574002574002574 0.9982380579483163
vt 0.004375804375804376 0.9982380579483163
vt 0.004375804375804376 0.9982380579483163
vt 0.004375804375804376 0.999804228660924
vt 0.0002574002574002574 0.999804228660924
vt 0.0002574002574002574 0.9982380579483163
vt 0.0002574002574002574 0.9966718872357087
vt 0.004375804375804376 0.9966718872357087
vt 0.004375804375804376 0.999804228660924
vt 0.0002574002574002574 0.999804228660924
vt 0.004375804375804376 0.9966718872357087
vt 0.004375804375804376 0.999804228660924
vt 0.0002574002574002574 0.999804228660924
vt 0.0002574002574002574 0.9966718872357087
vt 0.11696267696267697 0.0051799734431923206
vt 0.11721293906674463 0.17883711824588877
vt 0.002574002574002574 0.17883711824588877
vt 0.004633204633204633 0.004992169146436964
vt 0.004375804375804376 0.999804228660924
vt 0.0002574002574002574 0.999804228660924
vt 0.0002574002574002574 0.9982380579483163
vt 0.004375804375804376 0.9982380579483163
vn 1 0 0
vn -1 0 0
vn 0 1 0
vn 0 -1 0
vn 0 0 1
vn 0 0 -1
usemtl m_60b7bb38-1ae8-8081-5581-714145adf16e
f 541/2060/557 540/2061/557 542/2062/557 543/2063/557
f 546/2064/558 544/2065/558 545/2066/558 547/2067/558
f 544/2068/559 540/2069/559 541/2070/559 545/2071/559
f 543/2072/560 542/2073/560 546/2074/560 547/2075/560
f 542/2076/561 540/2077/561 544/2078/561 546/2079/561
f 545/2080/562 541/2081/562 543/2082/562 547/2083/562